gsm,cell_type,n_cells,n_donors,PYRIN_FULL_mean,PYRIN_FULL_median,PYRIN_FULL_se,PYRIN_FULL_ci_lo,PYRIN_FULL_ci_hi,PYRIN_BACKBONE_mean,PYRIN_BACKBONE_median,PYRIN_BACKBONE_se,PYRIN_BACKBONE_ci_lo,PYRIN_BACKBONE_ci_hi,NLRP3_FULL_mean,NLRP3_FULL_median,NLRP3_FULL_se,NLRP3_FULL_ci_lo,NLRP3_FULL_ci_hi,NLRP3_BACKBONE_mean,NLRP3_BACKBONE_median,NLRP3_BACKBONE_se,NLRP3_BACKBONE_ci_lo,NLRP3_BACKBONE_ci_hi,GENERIC_PYROPTOSIS_mean,GENERIC_PYROPTOSIS_median,GENERIC_PYROPTOSIS_se,GENERIC_PYROPTOSIS_ci_lo,GENERIC_PYROPTOSIS_ci_hi
GSM4837523,B/Plasma,6,1,0.15354448512640326,0.10910566069267608,0.06844598467865791,0.037687353637923214,0.2744314079397322,0.2985957341591517,0.24925467705726623,0.11192410048723463,0.10137757455861128,0.4858065278221059,-0.08705868658920128,-0.11856443762779235,0.05568199990550788,-0.16845688445555668,0.027936665813749022,0.016403435791532195,-0.06625937573611737,0.07095307534216365,-0.08546937666833403,0.1599677627533674,-0.12222880568769241,-0.08173850893974305,0.05740273387887804,-0.22937164343065683,-0.02763904791366743
GSM4837523,Endothelial,1449,1,0.2670268999564197,0.2723499599308473,0.004147991938483083,0.25930793994730206,0.2755617187295224,0.4441191413976802,0.4562160000271268,0.005777231622816868,0.432666420899409,0.4557387711740118,0.03853488995853664,0.03547880858182906,0.0039033140839332494,0.03150266813056953,0.04625446356380496,0.24989020162631595,0.2499985319375992,0.005951908080088113,0.239291642179354,0.26159652909215375,-0.1235573695266839,-0.13062137961387632,0.0039244439557884715,-0.13107090097794336,-0.11583365904493031
GSM4837523,Macrophage/Myeloid,278,1,0.5666216843876675,0.6158687793006752,0.015915914275698648,0.5379086139266549,0.5946452811314159,0.5283089327839828,0.5601618325180477,0.015812371997124545,0.4987948323013828,0.5597815208467554,0.27851041175049845,0.28399348109960554,0.015356608810745579,0.25080442038840417,0.30718833383212957,0.03456838115084943,0.0011630333960055972,0.016900651020614707,0.0020288469362602,0.06813938996798809,0.3132254392659064,0.3320733290910721,0.01908583052762121,0.2754406724578703,0.34933450137502214
GSM4837523,Mast,5,1,0.17839137676852318,0.014879178670508642,0.13475051955706077,-0.04930360393551508,0.41307838370910516,0.31995246158176,0.11389910740322537,0.1752423249586095,0.034577939160664886,0.6379592092090182,-0.2031785373687744,-0.19896795153617858,0.03828904648922034,-0.2620013463497162,-0.13400264477729795,-0.24455531883239745,-0.2701417589187622,0.020173565633267863,-0.2786261911392212,-0.21048444652557374,-0.07584765243530274,-0.10989422003428141,0.07486763542153962,-0.2012226365407308,0.060864418665568035
GSM4837523,SMC/Fibroblast,1189,1,0.17858532243037187,0.18432494088103196,0.004593195991077121,0.16967037270793175,0.18683803372290214,0.3759289104231673,0.39821219179365375,0.006901828818544643,0.3623165167807347,0.3890409758407244,-0.16328249298443406,-0.17937420189380643,0.004958859355344652,-0.17221595558494682,-0.1534175846301602,-0.038683014809333345,-0.06947898924350737,0.008083581977204074,-0.05420307090983133,-0.022117402475007677,-0.22284744342113866,-0.23966076135635375,0.0037214055753381704,-0.2298749733116694,-0.21584186989533316
GSM4837523,T/NK,357,1,0.3121522627328623,0.3078996641921815,0.011275514635208565,0.2896913732345705,0.33412652682633653,0.4652140656813186,0.46074076276355314,0.014894062835054378,0.4373193405958173,0.4953201265242383,-0.012193079043169314,-0.022197967767715432,0.009849246693223412,-0.031180321569244062,0.006392654298442083,0.09121992597559919,0.1088794577121735,0.015044358790027423,0.060846938280331324,0.1219469693505547,-0.057067170361288236,-0.09181755363941191,0.009617068415973094,-0.07512484368804344,-0.03786126375409847
GSM4837524,B/Plasma,89,1,0.18221270491984026,0.14721895853298678,0.018452484373181314,0.14845733425854252,0.21880038364153268,0.2671312475650945,0.21572775385114884,0.025453548291854845,0.21475592259425347,0.31806644117231303,-0.05495837530728136,-0.06741464495658875,0.014708169106112615,-0.08350119971818803,-0.025879059215526235,-0.01179402963499005,-0.06230723649263381,0.025329334406744605,-0.0632758251033472,0.03650428548723124,-0.062374147196834,-0.07762018442153931,0.014817540786350352,-0.0895700208419927,-0.03351475785480819
GSM4837524,Endothelial,883,1,0.24361380329556642,0.2515772094694667,0.0057979130450889205,0.23238560997866659,0.25448878706140843,0.3841668893856508,0.39754106219609586,0.007631635755011273,0.3688952500936647,0.3994111903513308,-0.1615917665351895,-0.18056898832321167,0.005438999478595282,-0.17179252173913598,-0.15096502318776225,-0.14747141198032576,-0.1801271134614944,0.007745785265960615,-0.1616523344832033,-0.13140373920425266,-0.12406026560671152,-0.1409966790676117,0.00531065127436871,-0.1343442138307255,-0.11421693253629794
GSM4837524,Macrophage/Myeloid,4961,1,0.5093158621429098,0.5086287673842207,0.0031653431080652574,0.5035024505411151,0.5156144477787745,0.5755580149909564,0.5968981804847717,0.003191969380333878,0.5694671924416148,0.5817537862396018,0.10088321138693726,0.07448058128356932,0.003278767169299941,0.09455886846595077,0.10725879101781033,-0.046985678853115304,-0.07316869616508481,0.0034589918185373813,-0.05360214012382581,-0.04047406617117938,0.14409480589630622,0.09496722837289173,0.0041547877701065905,0.1362921770783775,0.15261813786506717
GSM4837524,Mast,78,1,0.2031664264614393,0.18455647771516828,0.02601628617551722,0.14887499249191452,0.25411125137053475,0.258061857154906,0.22091317656305098,0.03579174469907443,0.18733456994346065,0.3342443556892226,-0.023639507736915193,-0.04260581970214844,0.022584145732983382,-0.06695302502887374,0.023961943298005127,-0.06540492080725155,-0.1680755579471588,0.03794057265937101,-0.13269658966457998,0.013108549769108099,-0.018952237849052134,-0.07099471598863602,0.01983838667023195,-0.05485403362636129,0.022627294374900478
GSM4837524,SMC/Fibroblast,1397,1,0.22294688299993393,0.23494454690046535,0.004381345098204562,0.21453074677448447,0.23149760694683552,0.404604989660229,0.4363863007227579,0.0062864720841296655,0.3923819025070137,0.4156532394708082,-0.23746746603599514,-0.2502510523796081,0.0038027783638011764,-0.24497424997789577,-0.22986330565432073,-0.2082813392392891,-0.23181259542703625,0.005521786928678395,-0.21874222794630344,-0.1970218366497278,-0.18920399575625563,-0.20460830549399056,0.003599974486794857,-0.1961888370284594,-0.18169599276653528
GSM4837524,T/NK,3277,1,0.29880065800415195,0.3001316620069887,0.0040340787234192915,0.2911192115967134,0.3062074564365056,0.4185396453990329,0.42424260383182094,0.005415699081872017,0.40776853374502975,0.429152721848974,-0.0423632035624528,-0.06515673279762269,0.0034986849246813963,-0.04948884093486225,-0.03554149112424242,-0.0028872583844483826,-0.01657742500305176,0.005146014680581645,-0.012578517586890313,0.007423870227377784,-0.043689670705723146,-0.06989885628223419,0.0034781072779072296,-0.050522798456448664,-0.03654413108545357
GSM4837525,B/Plasma,597,1,0.18792889484463138,0.17332346799324647,0.007736785884851558,0.17224352129077813,0.20325931859664642,0.318067843033535,0.2977344451480441,0.01157618999845817,0.2957076644219781,0.3404100406478381,-0.04856711382398903,-0.05732539191842079,0.006171906081443515,-0.060321691864514894,-0.036046180601810515,0.06608497656588529,0.02975090324878693,0.011067343668891541,0.044861528732180536,0.08812757071402776,-0.12193663225827989,-0.1233003866672516,0.00481181934156847,-0.13116028252483558,-0.11267107834339418
GSM4837525,Endothelial,732,1,0.25226098757366194,0.26288505886025937,0.005752086707388012,0.24104637766637807,0.26407431566640216,0.4297333077899817,0.4392113383081224,0.008041035243876398,0.4139677271911455,0.4450983165277846,-0.0846648690613404,-0.09135042279958724,0.005823556857955933,-0.09524408312003467,-0.0736617636441818,0.01811254423783451,0.023292853236198424,0.009066801877075776,0.002019292985857593,0.03608754165906235,-0.15391036837709515,-0.16750356247027715,0.005433891282712521,-0.16419706435445594,-0.14299934958585472
GSM4837525,Macrophage/Myeloid,362,1,0.5084846620082112,0.5269587024142169,0.014065742587678832,0.48281742882210815,0.5342060184705929,0.5158198154564647,0.5568773625824186,0.014576211709636092,0.4888362698094593,0.5440689356168268,0.23003336166767457,0.22710742697119712,0.013480670134542912,0.20421793879693098,0.2561058497119345,0.08106997562500325,0.006601524949073789,0.01681446953090932,0.04962630594754334,0.11411617350555667,0.2478612797758088,0.25020052065451936,0.015340888804673693,0.21829453316266423,0.2788513797127657
GSM4837525,Mast,9,1,0.16296355028646592,0.14896259738450066,0.055544930425526974,0.0640820383361085,0.2648410492902723,0.24801231145858763,0.19517207686106366,0.07577272702298653,0.11186693454156689,0.3833782844228508,0.05475317147043018,0.04686266660690305,0.07153489755590024,-0.06673773306442632,0.19031648890342978,0.16957810097270543,0.1709741586446762,0.11979039343047349,-0.02993481289015877,0.3857591496292088,-0.05808710069568068,-0.12361550092697143,0.06998641253345773,-0.17238171186932807,0.08194031435637561
GSM4837525,SMC/Fibroblast,1065,1,0.1723563061275331,0.17736348069802005,0.004536009009627237,0.16357182173329238,0.18124488169441388,0.35936334287286986,0.3702377537621392,0.0067948826462563405,0.3459486567153589,0.3725858561479993,-0.21241868593225458,-0.23013403564691542,0.004334538361195714,-0.2210579120092619,-0.204021154794062,-0.14741290979723976,-0.17912070691585544,0.006935106583074621,-0.161551840896002,-0.13345435672571682,-0.22297032233429068,-0.2470102084676425,0.003833042451840359,-0.23000104615507597,-0.21524705281116197
GSM4837525,T/NK,2484,1,0.21948089272106397,0.22225581249778373,0.004014857198610034,0.21167251718186184,0.22765879361973346,0.3632011369874011,0.3723203730318281,0.005647150759283198,0.3512029059481542,0.37527315181694787,0.0161165920962938,0.01737466663122178,0.003572273898188316,0.008949117814468135,0.023625625915723387,0.19625707888300867,0.21840685933828355,0.005977897864650804,0.18511721541453305,0.20778898688202393,-0.11367275183047584,-0.13198426405588784,0.003209234848672431,-0.11988143168305014,-0.10748852873804028
GSM4837526,B/Plasma,1773,1,0.1784564463228526,0.15258736793811506,0.0042391752172963055,0.17019440050467105,0.18654859896346773,0.28352632662628896,0.2602251192728678,0.006007852934019012,0.27211171912565635,0.29582352829074926,0.035972806970240606,0.029426631927490232,0.003674989718401237,0.028750062199585237,0.04322369027025662,0.19579747439201897,0.2057531309127808,0.006386769765989707,0.18370794916513405,0.20828887526039086,-0.0932262585074071,-0.09553324977556865,0.0031728530598981518,-0.09912442558252572,-0.08717825472454377
GSM4837526,Endothelial,1618,1,0.2655411786080264,0.269913502845591,0.0038206610562959266,0.25761568283829284,0.2723574906620115,0.4623653961947013,0.4751951353814866,0.005407202912813246,0.4517594332296307,0.4724058426380547,-0.1337500504630863,-0.1395029538869858,0.0036624229589952793,-0.14087602682690492,-0.1265229610261497,-0.061215231202644084,-0.0794047698378563,0.005864417924498962,-0.07184564773668621,-0.04925702858506501,-0.1734634028723579,-0.1855212809642156,0.003379682530424652,-0.18020943513482218,-0.1665741071741557
GSM4837526,Macrophage/Myeloid,2028,1,0.5172438692279803,0.5238665885336935,0.004504973447949704,0.5085273084094976,0.525364383679042,0.5296195670512784,0.5459571395715077,0.0044964073697406366,0.5210008128758391,0.5379959040257114,0.18732595026044863,0.17311628252267838,0.005202791832909345,0.17739835559054878,0.19714069892532654,0.01685088816148466,-0.0011821313202381445,0.00590995154183759,0.005362535735142199,0.028987265182239288,0.21754202730302197,0.20328753178318343,0.00592450909961351,0.20577036559316322,0.22946370312959485
GSM4837526,Mast,140,1,0.23035970488230723,0.2310264916779946,0.01716030860216274,0.1981203826921713,0.26369718137337494,0.30980185414505385,0.3144106610086229,0.022554095492787807,0.26655597513142326,0.3559157090807671,-0.04016321825023209,-0.03833277106285095,0.015245559899646828,-0.07048993661563312,-0.009958995658345524,-0.06634661923455341,-0.16683939754962923,0.021901371984582904,-0.10817966484509939,-0.026289430224815658,-0.047222999256636415,-0.05864673574765525,0.015572775979713878,-0.07641518721107748,-0.015344444837882418
GSM4837526,SMC/Fibroblast,2212,1,0.18357628531508136,0.19224997746904557,0.003103944036278699,0.17725827076558115,0.19052055487424654,0.3625255083693111,0.37959430529011623,0.004464811774117477,0.35347076672895866,0.3715758948416101,-0.21787353239798576,-0.23214183762669566,0.003059529889746933,-0.22372092855538478,-0.21171717106044347,-0.18564692660108556,-0.22123909652233123,0.0045685199909895405,-0.19399545083335595,-0.17691676138466894,-0.20459368707979295,-0.22285604019959768,0.0028004966781963103,-0.2098376267828466,-0.198717156277215
GSM4837526,T/NK,7644,1,0.24803684982473106,0.24666928478934463,0.0023799236465752664,0.24349263896406106,0.2524107345696063,0.3891498222527837,0.3985484465493096,0.003255408744311808,0.38284429227495315,0.39549697083796437,0.05580980991602552,0.05194079577922822,0.0020993316967538103,0.051814581658905595,0.060047428642773404,0.2595869477057936,0.28091630071401597,0.0033844531860981472,0.2526364659791581,0.2664098127958648,-0.09988307332526779,-0.12154823064804077,0.0019471846793243498,-0.10376483538272385,-0.09603415416015065
GSM4837527,B/Plasma,12,1,0.18692769235269072,0.18766728133262198,0.05270970967955637,0.09864297261315369,0.2948900236651897,0.3449925568103791,0.35939200263553195,0.06946013275065226,0.21267862775800406,0.46992316409824075,-0.007365433524052297,0.028867895007133493,0.04489246549679091,-0.09909168973813455,0.07155828086286782,0.21821495080987618,0.29557442933321,0.09776368033442721,0.025153199599434944,0.3915991060038408,-0.15251286938786507,-0.18405820886294047,0.03818128489964912,-0.22007959938670202,-0.08454788624909189
GSM4837527,Endothelial,783,1,0.24766611724186471,0.24681856805379454,0.005529943553369813,0.235648049456419,0.2583960263373224,0.4432588207164825,0.4565502878295051,0.007872272160331421,0.4281529511858982,0.4593312694896607,0.04146141447631183,0.02901851654052734,0.004992224566297016,0.032190308579815835,0.05101837692971164,0.3033057347385363,0.29077818870544436,0.007582208712830207,0.2885564914650615,0.3172523730128985,-0.16323449595094283,-0.17630552609761557,0.005081306552765475,-0.17392479678909475,-0.15279202165664915
GSM4837527,Macrophage/Myeloid,554,1,0.48094321838355725,0.5038806928924209,0.010983295659956042,0.45906486835210264,0.5014103204328434,0.5522826611767129,0.576013978348838,0.011821174693764598,0.525867869967759,0.5751571467491527,0.26256784415766865,0.24546773731708524,0.008916968985688872,0.24628245893541714,0.2808958232263742,0.2802289456551363,0.26880473911762237,0.013327341247570826,0.2545202325960211,0.30549034066562836,0.13560009354638064,0.10533131207029023,0.012409068091880263,0.11278433503997742,0.1625198638755335
GSM4837527,Mast,67,1,0.19215226081335887,0.18906407155776442,0.024356447452671123,0.14621947624154905,0.24263846183703916,0.3167374348154116,0.3089951474931505,0.03631585604003324,0.24802987762342635,0.3879279514039334,0.03414364798300302,0.058687834143638595,0.021297818331919405,-0.008759432480406401,0.07601332935835442,0.1831085915307501,0.18371761083602905,0.03903175837274771,0.10604765344422254,0.26036586800673556,-0.10785292572939574,-0.13676771799723308,0.017349435832589095,-0.13978829782037294,-0.07342946408318347
GSM4837527,SMC/Fibroblast,1071,1,0.16575725716350811,0.1726153462028822,0.00482408765493785,0.15680764198618327,0.17553810528349803,0.361145421350147,0.3836811364491781,0.007186922625777784,0.3473939019794771,0.3740743230418721,-0.07418352665924002,-0.077196506857872,0.005294118166593181,-0.08547617067507947,-0.06398200933710714,0.12950262256571893,0.14698985099792483,0.008398790207953633,0.11342383063980399,0.146266117772284,-0.21823924456240415,-0.23225087602933248,0.004122917560931754,-0.2265846410893678,-0.20985890627722784
GSM4837527,T/NK,573,1,0.2297159310042433,0.2306652297486088,0.008405539676679813,0.21283786739046148,0.24528029814396812,0.38131130650803075,0.39153474500444196,0.011467992715416153,0.3570582977425048,0.40275703078380143,0.12491651203177778,0.10986516475677488,0.00634511163591626,0.11370815501924454,0.13734910576484358,0.4093093060570758,0.39908830404281614,0.009640501372568076,0.38990565976253455,0.42775955485489486,-0.11876289103901824,-0.13511876662572225,0.00661198741983594,-0.1303509429682408,-0.10666940449439792
GSM4837528,B/Plasma,230,1,0.19240794785139828,0.20706374989533274,0.011193199857685972,0.1709153574651503,0.21482250946692485,0.33646063350781724,0.3379376349184249,0.016331273566287358,0.3034014711807128,0.3698977529431224,-0.03921597661661065,-0.029094108790159223,0.011046536914856433,-0.060518673630998186,-0.01901774281621304,0.10725794310673421,0.11089115113019943,0.021296960973352624,0.06385125392118225,0.15198017091932503,-0.15062028979121345,-0.17384281943241753,0.00844141286771187,-0.16616007098046714,-0.13327111411665066
GSM4837528,Endothelial,859,1,0.24375388004756254,0.25563087740470736,0.005319953352231837,0.23424369525575076,0.25383876975285197,0.43733645728625603,0.4610043679475784,0.00798697606941854,0.4214725396978487,0.4532410111933734,-0.06612683003228396,-0.07698668092489241,0.005088499439262332,-0.07626635062521511,-0.056304219477312324,0.10464373115281009,0.10135219156742103,0.007919944842288638,0.08921891234654661,0.11973751300221636,-0.17818673387846376,-0.18995990872383117,0.0047851535617680074,-0.18761113674145194,-0.16918744166595384
GSM4837528,Macrophage/Myeloid,2188,1,0.5413237247970861,0.5534690955624418,0.004541494230594087,0.5317242450202029,0.5502832565639489,0.5360634933298781,0.5553822857671313,0.004382615617346435,0.5267670299376528,0.5446145142043066,0.26136479640379545,0.2568942847847938,0.005044303263294289,0.25139405797031866,0.27133179866828677,0.1007012042292552,0.09436693608760835,0.005929098317776646,0.08873041921862616,0.11295143331348184,0.252960916667062,0.24148734495043755,0.00586860818373423,0.24182810307371197,0.2646905840781224
GSM4837528,Mast,275,1,0.24629437077147961,0.25879506340336694,0.010755761924569519,0.22601613939060797,0.26766102685560283,0.3442900290405871,0.37333260774612426,0.014302498589320194,0.3175923501697261,0.3733440455830952,0.0076716468231244565,-0.0038690775632858054,0.011487311014190833,-0.013947367058721453,0.032992159621011125,0.06481146181767637,0.05947106719017031,0.015702806480315346,0.031273658969280395,0.0944773878860338,-0.0810442624182412,-0.10485673507054649,0.009905691985419912,-0.10073859607566488,-0.0633120880110878
GSM4837528,SMC/Fibroblast,3356,1,0.14009707200554022,0.14145122059098966,0.002624393385968361,0.1349161471338566,0.14541162294554932,0.32987794988557106,0.3469916980067889,0.003953835689806861,0.32214466111907836,0.33742876537428257,-0.2113460429656376,-0.22807849526405335,0.0026092743594911096,-0.2168828293902137,-0.20635280391779204,-0.11294802764519446,-0.15689949870109557,0.004140144834677234,-0.12097601676547978,-0.10453323653461667,-0.24969323490728929,-0.2721570920944214,0.002129521480501695,-0.25412086868761546,-0.24551458798064973
GSM4837528,T/NK,4779,1,0.2021624587658083,0.19793512236827077,0.0029382798025268967,0.19597364361704292,0.20846231834654463,0.3509216998558914,0.3516553102334341,0.004092955584273002,0.3431951669832607,0.359392424951957,0.0880775479370267,0.07730936527252197,0.002463210378128265,0.083158058921719,0.0929290544959972,0.35862276497390333,0.35962567448616023,0.0038545120893145384,0.3511322480481259,0.3659897675680031,-0.13200042026757552,-0.15563473145167034,0.0023127872514279134,-0.13673447432358027,-0.12715211338617305
