leiden,cell_type,n_cells,n_donors,PYRIN_BACKBONE,NLRP3_BACKBONE,MEFV_pct,pyrin_spec_delta,state_id
9,Macrophage/Myeloid,2137,6,0.5927989657937485,0.01896235924731864,12.868507253158635,0.8909108444823263,leiden9:Macrophage/Myeloid
13,Macrophage/Myeloid,3127,5,0.5733341462094002,-0.02150564477817392,0.5436520626798849,0.9453210223434549,leiden13:Macrophage/Myeloid
1,Macrophage/Myeloid,727,6,0.5351986053875604,0.021248322555582653,3.988995873452546,0.667055055877689,leiden1:Macrophage/Myeloid
12,Macrophage/Myeloid,4082,6,0.5253582970562862,0.04280319257470058,2.8417442430181294,0.5620674492688776,leiden12:Macrophage/Myeloid
4,Macrophage/Myeloid,160,5,0.5060076747361985,-0.06417829600907862,3.75,0.8266664273525427,leiden4:Macrophage/Myeloid
16,Macrophage/Myeloid,138,3,0.49050377391770644,0.4524638736766317,2.1739130434782608,-0.8609479506971136,leiden16:Macrophage/Myeloid
15,T/NK,1102,6,0.46846731005983744,0.31150081612534836,0.0,-0.49928549033871794,leiden15:T/NK
11,T/NK,1096,6,0.45982619435333516,0.15757187769218028,0.5474452554744524,-0.046350734529107374,leiden11:T/NK
0,Endothelial,4501,6,0.4491719875898943,0.11894672081265097,0.28882470562097307,0.035386285607449136,leiden0:Endothelial
21,B/Plasma,118,6,0.4439955633241129,-0.18588470969664844,0.0,0.9772438964846085,leiden21:B/Plasma
14,T/NK,1241,6,0.415798420425366,0.2195462197488013,0.0,-0.4073926450501825,leiden14:T/NK
6,SMC/Fibroblast,1146,6,0.41031275669479406,-0.13769382374708983,0.08726003490401396,0.6985795115886962,leiden6:SMC/Fibroblast
17,Endothelial,1823,6,0.4094572401787424,-0.033963824104818095,0.10970927043335163,0.36823513828239046,leiden17:Endothelial
10,T/NK,6702,6,0.4021156310558698,0.16979655851880424,0.029841838257236648,-0.3019641102953371,leiden10:T/NK
2,SMC/Fibroblast,1041,5,0.39509932859683955,-0.19069683144189328,0.0,0.8085108708164412,leiden2:SMC/Fibroblast
20,B/Plasma,1862,6,0.3695330056481678,0.2251834582483794,0.0,-0.5991840933774704,leiden20:B/Plasma
5,SMC/Fibroblast,2571,6,0.36009475613347736,-0.14787184825612618,0.0,0.5417971562935704,leiden5:SMC/Fibroblast
7,SMC/Fibroblast,1339,4,0.34646208529698486,0.1690602074571293,0.14936519790888725,-0.5089662546165522,leiden7:SMC/Fibroblast
8,T/NK,8973,6,0.3431215427902302,0.28049432018442744,0.022289089490694303,-0.8729532810230477,leiden8:T/NK
3,SMC/Fibroblast,4193,6,0.3385320785427177,-0.1514060888347373,0.07154781779155736,0.4718412379475466,leiden3:SMC/Fibroblast
19,Mast,574,6,0.31922321196554065,0.027882828277370247,0.0,-0.16619522419633784,leiden19:Mast
18,B/Plasma,727,5,0.08144272109637944,0.021432060377039482,0.0,-1.0401927369619735,leiden18:B/Plasma
