patient,region,cell_type,n_cells,PYRIN_BACKBONE_mean,PYRIN_BACKBONE_median,NLRP3_BACKBONE_mean,NLRP3_BACKBONE_median,GENERIC_PYROPTOSIS_mean,GENERIC_PYROPTOSIS_median,MEFV_pct,detected_PYRIN_BACKBONE_genes,pyrin_specificity_delta
Patient 1,AC,B/Plasma,6,0.2985957341591517,0.24925467705726623,0.016403435791532195,-0.06625937573611737,-0.12222880568769241,-0.08173850893974305,0.0,6,-0.20757755307176043
Patient 1,AC,Endothelial,1449,0.4441191413976802,0.4562160000271268,0.24989020162631595,0.2499985319375992,-0.1235573695266839,-0.13062137961387632,0.4140786749482402,9,-0.3965664981928329
Patient 1,AC,Macrophage/Myeloid,278,0.5283089327839828,0.5601618325180477,0.03456838115084943,0.0011630333960055972,0.3132254392659064,0.3320733290910721,3.597122302158273,9,0.5991349845559699
Patient 1,AC,Mast,5,0.31995246158176,0.11389910740322537,-0.24455531883239745,-0.2701417589187622,-0.07584765243530274,-0.10989422003428141,0.0,5,0.6957182236449848
Patient 1,AC,SMC/Fibroblast,1189,0.3759289104231673,0.39821219179365375,-0.038683014809333345,-0.06947898924350737,-0.22284744342113866,-0.23966076135635375,0.0,8,0.2570108643825044
Patient 1,AC,T/NK,357,0.4652140656813186,0.46074076276355314,0.09121992597559919,0.1088794577121735,-0.057067170361288236,-0.09181755363941191,0.0,8,0.1831640128659292
Patient 1,PA,B/Plasma,89,0.2671312475650945,0.21572775385114884,-0.01179402963499005,-0.06230723649263381,-0.062374147196834,-0.07762018442153931,0.0,8,-0.23699737341045118
Patient 1,PA,Endothelial,883,0.3841668893856508,0.39754106219609586,-0.14747141198032576,-0.1801271134614944,-0.12406026560671152,-0.1409966790676117,0.0,8,0.6310745250381287
Patient 1,PA,Macrophage/Myeloid,4961,0.5755580149909564,0.5968981804847717,-0.046985678853115304,-0.07316869616508481,0.14409480589630622,0.09496722837289173,1.471477524692602,9,1.0340401840775073
Patient 1,PA,Mast,78,0.258061857154906,0.22091317656305098,-0.06540492080725155,-0.1680755579471588,-0.018952237849052134,-0.07099471598863602,0.0,7,-0.1020399934911928
Patient 1,PA,SMC/Fibroblast,1397,0.404604989660229,0.4363863007227579,-0.2082813392392891,-0.23181259542703625,-0.18920399575625563,-0.20460830549399056,0.0,8,0.8997187259073818
Patient 1,PA,T/NK,3277,0.4185396453990329,0.42424260383182094,-0.0028872583844483826,-0.01657742500305176,-0.043689670705723146,-0.06989885628223419,0.0,8,0.30439175670466456
Patient 2,AC,B/Plasma,597,0.318067843033535,0.2977344451480441,0.06608497656588529,0.02975090324878693,-0.12193663225827989,-0.1233003866672516,0.0,8,-0.29101645029399925
Patient 2,AC,Endothelial,732,0.4297333077899817,0.4392113383081224,0.01811254423783451,0.023292853236198424,-0.15391036837709515,-0.16750356247027715,0.1366120218579235,9,0.2802676806540306
Patient 2,AC,Macrophage/Myeloid,362,0.5158198154564647,0.5568773625824186,0.08106997562500325,0.006601524949073789,0.2478612797758088,0.25020052065451936,6.906077348066297,9,0.40551179357702605
Patient 2,AC,Mast,9,0.24801231145858763,0.19517207686106366,0.16957810097270543,0.1709741586446762,-0.05808710069568068,-0.12361550092697143,0.0,6,-0.8808891642229105
Patient 2,AC,SMC/Fibroblast,1065,0.35936334287286986,0.3702377537621392,-0.14741290979723976,-0.17912070691585544,-0.22297032233429068,-0.2470102084676425,0.0,8,0.5375988373861943
Patient 2,AC,T/NK,2484,0.3632011369874011,0.3723203730318281,0.19625707888300867,0.21840685933828355,-0.11367275183047584,-0.13198426405588784,0.0,8,-0.531776287129681
Patient 2,PA,B/Plasma,1773,0.28352632662628896,0.2602251192728678,0.19579747439201897,0.2057531309127808,-0.0932262585074071,-0.09553324977556865,0.0,8,-0.83000006064942
Patient 2,PA,Endothelial,1618,0.4623653961947013,0.4751951353814866,-0.061215231202644084,-0.0794047698378563,-0.1734634028723579,-0.1855212809642156,0.18541409147095178,9,0.6531744978580536
Patient 2,PA,Macrophage/Myeloid,2028,0.5296195670512784,0.5459571395715077,0.01685088816148466,-0.0011821313202381445,0.21754202730302197,0.20328753178318343,3.895463510848128,9,0.6599390606324198
Patient 2,PA,Mast,140,0.30980185414505385,0.3144106610086229,-0.06634661923455341,-0.16683939754962923,-0.047222999256636415,-0.05864673574765525,0.0,8,0.09553445268799482
Patient 2,PA,SMC/Fibroblast,2212,0.3625255083693111,0.37959430529011623,-0.18564692660108556,-0.22123909652233123,-0.20459368707979295,-0.22285604019959768,0.18083182640144665,9,0.6700685360022158
Patient 2,PA,T/NK,7644,0.3891498222527837,0.3985484465493096,0.2595869477057936,0.28091630071401597,-0.09988307332526779,-0.12154823064804077,0.052328623757195186,9,-0.6338973115023546
Patient 3,AC,B/Plasma,12,0.3449925568103791,0.35939200263553195,0.21821495080987618,0.29557442933321,-0.15251286938786507,-0.18405820886294047,0.0,7,-0.6695095905941411
Patient 3,AC,Endothelial,783,0.4432588207164825,0.4565502878295051,0.3033057347385363,0.29077818870544436,-0.16323449595094283,-0.17630552609761557,0.3831417624521073,8,-0.568255456982476
Patient 3,AC,Macrophage/Myeloid,554,0.5522826611767129,0.576013978348838,0.2802289456551363,0.26880473911762237,0.13560009354638064,0.10533131207029023,12.454873646209384,9,-0.08541879576907774
Patient 3,AC,Mast,67,0.3167374348154116,0.3089951474931505,0.1831085915307501,0.18371761083602905,-0.10785292572939574,-0.13676771799723308,0.0,7,-0.6650702042558914
Patient 3,AC,SMC/Fibroblast,1071,0.361145421350147,0.3836811364491781,0.12950262256571893,0.14698985099792483,-0.21823924456240415,-0.23225087602933248,0.18674136321195145,9,-0.3289890344562988
Patient 3,AC,T/NK,573,0.38131130650803075,0.39153474500444196,0.4093093060570758,0.39908830404281614,-0.11876289103901824,-0.13511876662572225,0.34904013961605584,9,-1.135549299590362
Patient 3,PA,B/Plasma,230,0.33646063350781724,0.3379376349184249,0.10725794310673421,0.11089115113019943,-0.15062028979121345,-0.17384281943241753,0.0,8,-0.35168194286517884
Patient 3,PA,Endothelial,859,0.43733645728625603,0.4610043679475784,0.10464373115281009,0.10135219156742103,-0.17818673387846376,-0.18995990872383117,0.23282887077997672,9,0.0359768590510724
Patient 3,PA,Macrophage/Myeloid,2188,0.5360634933298781,0.5553822857671313,0.1007012042292552,0.09436693608760835,0.252960916667062,0.24148734495043755,8.683729433272397,9,0.4197426535416471
Patient 3,PA,Mast,275,0.3442900290405871,0.37333260774612426,0.06481146181767637,0.05947106719017031,-0.0810442624182412,-0.10485673507054649,0.0,8,-0.18837326373737506
Patient 3,PA,SMC/Fibroblast,3356,0.32987794988557106,0.3469916980067889,-0.11294802764519446,-0.15689949870109557,-0.24969323490728929,-0.2721570920944214,0.0,8,0.31800859237780654
Patient 3,PA,T/NK,4779,0.3509216998558914,0.3516553102334341,0.35862276497390333,0.35962567448616023,-0.13200042026757552,-0.15563473145167034,0.08369951872776732,9,-1.090003931788768
