parameter,IL1B_AUC_spearman,IL18_AUC_spearman,time_to_50pct_IL1B_spearman,time_to_50pct_IL18_spearman,time_to_rupture_proxy_0p5_spearman,mean_abs_spearman
decay,-0.906,-0.903,-0.604,-0.604,-0.604,0.7242000000000001
priming_input,0.029,-0.009,-0.562,-0.562,-0.562,0.34480000000000005
pyrin_activation_threshold,-0.003,0.024,0.308,0.308,0.308,0.1902
inhibition_factor,0.0,-0.003,0.275,0.275,0.275,0.16560000000000002
cytokine_release_rate_IL1B,0.481,0.083,0.054,0.054,0.054,0.14520000000000002
pyrin_activation_rate,0.022,0.034,-0.22,-0.22,-0.22,0.1432
ASC_recruitment_rate,-0.032,-0.002,-0.193,-0.193,-0.193,0.1226
GSDMD_cleavage_rate,0.094,0.07,-0.124,-0.124,-0.124,0.1072
CASP1_activation_rate,-0.015,-0.035,-0.159,-0.159,-0.159,0.10540000000000001
cytokine_release_rate_IL18,-0.058,0.349,0.028,0.028,0.028,0.09820000000000001
rupture_rate,-0.073,-0.13,-0.059,-0.059,-0.059,0.076
saturation,0.104,0.09,0.02,0.02,0.02,0.0508
