parameter,perturb,value,IL1B_AUC_delta,IL18_AUC_delta,time_to_50pct_IL1B_delta,time_to_50pct_IL18_delta,time_to_rupture_proxy_0p5_delta
pyrin_activation_threshold,minus20,0.4,-0.0425,-0.034,-0.2,-0.2,-0.2
pyrin_activation_threshold,plus20,0.6,0.0482,0.0386,0.3,0.3,0.3
priming_input,minus20,0.8,0.0805,0.0644,0.7,0.7,0.7
priming_input,plus20,1.2,-0.0771,-0.0616,-0.4,-0.4,-0.4
pyrin_activation_rate,minus20,0.64,0.0482,0.0386,0.3,0.3,0.3
pyrin_activation_rate,plus20,0.96,-0.0425,-0.034,-0.2,-0.2,-0.2
ASC_recruitment_rate,minus20,0.48,0.0414,0.0331,0.3,0.3,0.3
ASC_recruitment_rate,plus20,0.72,-0.0328,-0.0262,-0.2,-0.2,-0.2
CASP1_activation_rate,minus20,0.56,-0.5694,-0.4555,0.2,0.2,0.2
CASP1_activation_rate,plus20,0.84,0.4036,0.3229,-0.2,-0.2,-0.2
GSDMD_cleavage_rate,minus20,0.72,-0.4575,-0.366,0.2,0.2,0.2
GSDMD_cleavage_rate,plus20,1.08,0.3206,0.2564,-0.1,-0.1,-0.1
cytokine_release_rate_IL1B,minus20,0.4,-2.7685,0.0,0.0,0.0,0.0
cytokine_release_rate_IL1B,plus20,0.6,2.7685,-0.0,0.0,0.0,0.0
cytokine_release_rate_IL18,minus20,0.32,0.0,-2.2148,0.0,0.0,0.0
cytokine_release_rate_IL18,plus20,0.48,0.0,2.2148,0.0,0.0,0.0
rupture_rate,minus20,0.24,0.0,0.0,0.0,0.0,0.0
rupture_rate,plus20,0.36,0.0,0.0,0.0,0.0,0.0
inhibition_factor,minus20,-0.04,-0.0091,-0.0073,0.0,0.0,0.0
inhibition_factor,plus20,0.04,0.0094,0.0075,0.1,0.1,0.1
decay,minus20,0.12,8.2929,6.6343,0.7,0.7,0.7
decay,plus20,0.18,-4.6165,-3.6932,-0.5,-0.5,-0.5
saturation,minus20,1.6,-0.3423,-0.2739,0.1,0.1,0.1
saturation,plus20,2.4,0.2408,0.1927,0.0,0.0,0.0
