path,type,checksum_sha256_16,size_bytes,in_package,exclude_reason
config/datasets.yaml,config,8921e4838c4d4329,3680,yes,
config/gene_modules.yaml,config,f1078086783422bd,7320,yes,
config/ode_parameters.yaml,config,8fc1b79d3556f7cd,1249,yes,
config/scoring_weights.yaml,config,b681589d8692a50a,2615,yes,
config/simulation_scenarios.yaml,config,8a2869621de33bea,898,yes,
manifests/data_manifest.tsv,table,ecbb86c3e1a1a4fa,2681,yes,
manifests/evidence_table.tsv,table,6cabb70b0d177172,33048,yes,
data/metadata/gse120521_sample_metadata.csv,table,f80c7a50d913af57,1356,yes,
data/metadata/gse159677_sample_metadata.csv,table,b7a0423b2e7b31cc,821,yes,
data/metadata/source_registry.csv,table,39735b6286acbf92,1511,yes,
evidence/claim_cards.md,report/doc,348d6f4a8b6b4bfa,53892,yes,
evidence/evidence_graph.jsonl,evidence,de29059be6c27c5e,40196,yes,
evidence/method_precedent_matrix.tsv,table,fa40969a0b21afa5,3698,yes,
evidence/novelty_audit.md,report/doc,bb684a128706dd12,4058,yes,
evidence/search_log.json,data,36eb1966e943a660,5746,yes,
results/tables/bulk_module_scores.csv,table,39856e1ba47eb2f3,1751,yes,
results/tables/bulk_pairwise_results.csv,table,28336ee9a5cc858d,705,yes,
results/tables/bulk_status_tests.csv,table,28336ee9a5cc858d,705,yes,
results/tables/cell_state_scores.parquet,table,3f7ecc815cd91e90,6553962,no,large per-cell table — excluded from zip (CSV summaries shipped instead); regenerate via make all
results/tables/cell_state_summary.csv,table,a7472737cbc805fa,3685,yes,
results/tables/cell_state_summary_donor_celltype.csv,table,f8267611e50d628a,19747,yes,
results/tables/day3_cellstate_ranking.csv,table,1a0aff261d427376,2630,yes,
results/tables/day3_donor_influence.csv,table,2cd2aad39a98bf86,628,yes,
results/tables/day3_gene_availability.csv,table,f80cd6871ec20486,1068,yes,
results/tables/day3_gene_detection_by_celltype.csv,table,922367c2cdd3b50b,1047,yes,
results/tables/day3_random_geneset_control.csv,table,624f55e6fe90dfd7,463,yes,
results/tables/day3_shared_downstream_exclusion.csv,table,0ddc8961f2dd66ef,311,yes,
results/tables/day3p5_ac_pa_compartment_scores.csv,table,153cabf81097cb7a,6735,yes,
results/tables/day3p5_ac_pa_pairwise_tests.csv,table,ad67af8431565c7e,3041,yes,
results/tables/day4_bulk_gene_availability.csv,table,7ab1c3bc21a380d5,1334,yes,
results/tables/druggability_clinical_alignment.csv,table,ebdb9fbf31d745d4,2127,yes,
results/tables/gene_module_overlap.csv,table,e0c3e392c418193b,698,yes,
results/tables/ode_global_sensitivity.csv,table,76923b8264c5b6b4,925,yes,
results/tables/ode_oat_sensitivity.csv,table,32d402726a404b18,1524,yes,
results/tables/ode_scenario_readouts.csv,table,f40adb048e6f6114,1158,yes,
results/tables/ode_sensitivity_ranked_parameters.csv,table,42b702f3aecaa261,464,yes,
results/tables/priority_score_components.csv,table,fbcc6b36e3f34252,10592,yes,
results/tables/pyrin_plaque_priority_table.csv,table,b16dab6c84a0acb2,7375,yes,
results/tables/pyrin_specificity_delta.csv,table,72c2d5b20855460c,440,yes,
results/figures/day3_gene_dotplot.png,figure,181a2263b4f792f6,242683,yes,
results/figures/day3_mefv_detection.png,figure,8193b9f1d3cbf130,122199,yes,
results/figures/day3_pyrin_vs_nlrp3_violin.png,figure,1deaf5728c4f3a96,139784,yes,
results/figures/day3p5_ac_pa_pyrin_bridge.png,figure,89a5b6fc48aea07b,207821,yes,
results/figures/day4_bulk_delta_plot.png,figure,583b45d62b5ee004,84556,yes,
results/figures/day4_bulk_gene_heatmap.png,figure,8128290cffc52446,101652,yes,
results/figures/day4_bulk_myeloid_confounding.png,figure,7f36980f3a3295a6,91391,yes,
results/figures/day4_ode_baseline_smoke.png,figure,506388f45aeedc3d,191379,yes,
results/figures/day5_ode_sensitivity_tornado.png,figure,49ff23c5b9735bce,100647,yes,
results/figures/fig1_mechanism_architecture.png,figure,e264b4833b03cbf6,319632,yes,
results/figures/fig2_cellstate_program_map.png,figure,0d6adf028ddc8ec6,92077,yes,
results/figures/fig3_bulk_validation.png,figure,c765784ccb5817c3,224441,yes,
results/figures/fig4_pyrin_ode_twin.png,figure,e70573ee27568702,390173,yes,
results/figures/fig5_priority_ranking.png,figure,42f2ae14c0b3c43c,256466,yes,
results/figures/module_score_umap.png,figure,d2795b1245a377dd,1237743,yes,
results/target_cards/target_card_01_L2-01.md,report/doc,a43d6af6aa7f938d,2560,yes,
results/target_cards/target_card_02_L1-01.md,report/doc,2a13a4bd657b8f5b,2715,yes,
results/target_cards/target_card_03_L2-06.md,report/doc,af3c85c8caaaa3e8,2458,yes,
results/target_cards/target_card_04_L2-02.md,report/doc,e57c3777a58602ef,2543,yes,
results/target_cards/target_card_05_L2-03.md,report/doc,c81509e9c536dcc1,2576,yes,
results/target_cards/target_card_06_L1-03.md,report/doc,85bc7996752ab70b,2429,yes,
reports/claude_science_usage_statement.md,report/doc,3c2d436177f85003,3344,yes,
reports/day1_data_gate_review.md,report/doc,db6e8a2af9a521bb,5260,yes,
reports/day2_claim_gate_review.md,report/doc,e12e56891a1cd075,4679,yes,
reports/day3_dataset_qc_summary.md,report/doc,ad85859cdf67399d,3851,yes,
reports/day3_provenance_patch.md,report/doc,d772cfe12ac6803c,2819,yes,
reports/day3_singlecell_figure_gate_review.md,report/doc,e49c09c480a381c7,3322,yes,
reports/day3p5_singlecell_bulk_bridge.md,report/doc,0592a3bb71da0085,2510,yes,
reports/day4_bulk_ode_gate_review.md,report/doc,49e76a91539ebcc3,4743,yes,
reports/day4_gse120521_data_note.md,report/doc,55e6e2a0e6538d78,2134,yes,
reports/day4_ode_model_design.md,report/doc,fe2e7f6b409ed708,2388,yes,
reports/day5_caveat_ledger.md,report/doc,5f816d868f7be510,3890,yes,
reports/day5_druggability_note.md,report/doc,3ed48879808a00a6,2386,yes,
reports/day5_priority_gate_review.md,report/doc,89ba3d1194d3b292,4813,yes,
reports/day6_3min_demo_script.md,report/doc,5ca8f7afc160b60a,3211,yes,
reports/day6_allowed_vs_banned_claims.md,report/doc,1c7f57915c175786,1366,yes,
reports/day6_consistency_patch_log.md,report/doc,e80c0a2884277215,2330,yes,
reports/day6_demo_storyboard.md,report/doc,83dfeaaa34977b0a,1722,yes,
reports/day6_final_gate_review.md,report/doc,4de18a59690e65a3,3496,yes,
reports/day6_integrated_results.md,report/doc,d57cfc5a5e1ef4e6,7695,yes,
reports/day7_smoke_test_report.md,report/doc,646c0fbcea57e055,2000,yes,
reports/day7_stale_artifact_patch_log.md,report/doc,4347f239455ab54b,1354,yes,
reports/pi_spotcheck_top10_pyrin_claims.md,report/doc,75f2dc9a9a95a72f,8102,yes,
reports/reviewer_audit.md,report/doc,5a0f59a0f9da0e3d,2677,yes,
reports/submission_summary.md,report/doc,8a185c9095f5bffc,1291,yes,
reports/submission_summary_100_words.txt,doc,19c7eb5401c6e1cd,767,yes,
reports/submission_summary_150_words.txt,doc,a6ff9c861d1b8cf0,1080,yes,
reports/figure_cards/day3_fig2_cellstate_program_map.md,report/doc,53efb86e56892bbc,1335,yes,
reports/figure_cards/day3_gene_dotplot.md,report/doc,38161451b77b8ed1,1305,yes,
reports/figure_cards/day3_mefv_detection.md,report/doc,50e4adc8f9ad8eeb,1326,yes,
reports/figure_cards/day3_module_score_umap.md,report/doc,c8a1ee532667abe9,1241,yes,
reports/figure_cards/day3_pyrin_vs_nlrp3_violin.md,report/doc,3c586f78af730bd7,1154,yes,
reports/figure_cards/day3p5_ac_pa_pyrin_bridge.md,report/doc,2f048ce941a9d569,1096,yes,
reports/figure_cards/day4_bulk_delta_plot.md,report/doc,8a39cec7896ed236,1197,yes,
reports/figure_cards/day4_bulk_gene_heatmap.md,report/doc,74d9f1f194931b01,1174,yes,
reports/figure_cards/day4_bulk_myeloid_confounding.md,report/doc,c64d609e1efa730e,1447,yes,
reports/figure_cards/day4_fig3_bulk_validation.md,report/doc,463dcab93afb2af0,1406,yes,
reports/figure_cards/day4_ode_baseline_smoke.md,report/doc,3848333c378ff46e,1400,yes,
reports/figure_cards/day5_fig4_pyrin_ode_twin.md,report/doc,68dde346523609d8,1272,yes,
reports/figure_cards/day5_fig5_priority_ranking.md,report/doc,7ee8449b333cddda,1617,yes,
reports/figure_cards/day5_ode_sensitivity_tornado.md,report/doc,039086655fd56fa3,1086,yes,
reports/figure_cards/fig1_mechanism_architecture.md,report/doc,c8bc0e13b11c089b,1266,yes,
src/pyrinplaque/__init__.py,code,e3b0c44298fc1c14,0,yes,
src/pyrinplaque/bulk.py,code,3fad34d2bec584ed,1777,yes,
src/pyrinplaque/modules.py,code,deb97076e5fd3fcb,1499,yes,
src/pyrinplaque/ode_twin.py,code,43ac7205c39f075f,4981,yes,
src/pyrinplaque/plotting.py,code,ff7479e46d60dd0d,766,yes,
src/pyrinplaque/priority.py,code,b0b2798f47724e0a,2768,yes,
src/pyrinplaque/provenance.py,code,1fad5f366cdfe36a,1212,yes,
src/pyrinplaque/scoring.py,code,fcd1d91551a3e38e,1534,yes,
scripts/02_score_plaque_cell_states.py,code,8325332bbd4a08dc,4073,yes,
scripts/03_bulk_plaque_validation.py,code,f5dc96231973b6e7,2067,yes,
scripts/04_pyrin_ode_baseline.py,code,7b0de8b7513a8364,1217,yes,
scripts/05_run_ode_scenarios.py,code,20f94d8e95f3fcb7,1298,yes,
scripts/06_priority_score.py,code,2b529c4bf6af2404,879,yes,
scripts/smoke_test.py,code,6895a4e6a06eaa37,3046,yes,
tests/test_modules.py,code,a206673e9ffe6610,1078,yes,
tests/test_ode_twin.py,code,c3fa238143f57084,1286,yes,
tests/test_scoring.py,code,a7663af2d4d34022,764,yes,
audit/day3_environment_lock.txt,doc,5b9aabb7fdf61afd,5955,yes,
audit/day3_provenance.json,data,dca908bcdf29a92c,3861,yes,
audit/day3_singlecell_flags.csv,table,4ddde1dff0195d75,1904,yes,
audit/day4_bulk_ode_flags.csv,table,4abf4ee2b5a6481b,2505,yes,
audit/day5_caveat_flags.csv,table,dc628cdcbc528c5a,2208,yes,
audit/day5_priority_gate_flags.csv,table,9a53a1e0aafe517f,2826,yes,
audit/day6_cross_artifact_consistency.csv,table,1ada3cd56ee7a3e6,2567,yes,
audit/day6_final_figure_inventory.csv,table,1cc8d141a7973dce,1649,yes,
audit/day6_final_flags.csv,table,62e0a93e935da403,2137,yes,
audit/day7_excluded_stale_files.csv,table,db3dda5ebb618cd8,90,yes,
audit/day7_reproducibility_status.csv,table,bed92f823798e23f,785,yes,
audit/day7_stale_artifact_check.csv,table,b9c942fb31261b9c,1371,yes,
audit/figure_reproducibility_checklist.md,report/doc,2894424ca3e7228e,1462,yes,
audit/novelty_risk_table.csv,table,e3d999840c6ffa42,810,yes,
audit/unsupported_claims.csv,table,d8b9e4a64419b0cb,95,yes,
app/README_app.md,report/doc,f0ee7e159e9be251,690,yes,
app/streamlit_app.py,code,bcffb98cc5452c99,4044,yes,
README.md,report/doc,2c743ed60749886f,8469,yes,
LICENSE,other,7e89899d4c6d7e13,1095,yes,
DATA_LICENSE.md,report/doc,84fc874a3cbeb108,2219,yes,
CITATION.cff,config,36f6ba9adad66361,909,yes,
Makefile,other,2d683badc89aee7b,1282,yes,
environment.yml,config,f4b54aafe7e011e3,447,yes,
requirements-freeze.txt,doc,56dedc77368af355,230,yes,
.gitignore,other,31c3ea380e6d96b9,49,yes,
