cell_type,metric,reproduced,v1_reported,abs_diff
B/Plasma,n_cells,2707.0,2707.0,0.0
B/Plasma,PYRIN_BACKBONE_mean,0.2954084932996588,0.295408493249428,5.023081950383812e-11
B/Plasma,NLRP3_BACKBONE_mean,0.15254462942088834,0.1525446292605783,1.6031004301808593e-10
B/Plasma,GENERIC_PYROPTOSIS_mean,-0.10374725498069615,-0.1037472548249367,1.5575944700696454e-10
B/Plasma,MEFV_pct,0.0,0.0,0.0
B/Plasma,pyrin_specificity_delta_cellz,-0.6489051064698506,-0.6489,5.10646985052432e-06
Endothelial,n_cells,6340.0,6324.0,16.0
Endothelial,PYRIN_BACKBONE_mean,0.43842993216348497,0.437723539688166,0.000706392475318951
Endothelial,NLRP3_BACKBONE_mean,0.07461205842651497,0.0748676690440636,0.0002556106175486267
Endothelial,GENERIC_PYROPTOSIS_mean,-0.15128450409897246,-0.1522424151178982,0.0009579110189257556
Endothelial,MEFV_pct,0.23659305993690852,0.237,0.000406940063091471
Endothelial,pyrin_specificity_delta_cellz,0.1347985878074124,0.1313,0.003498587807412412
Macrophage/Myeloid,n_cells,10366.0,10371.0,5.0
Macrophage/Myeloid,PYRIN_BACKBONE_mean,0.5535278600430946,0.553647668359559,0.00011980831646440926
Macrophage/Myeloid,NLRP3_BACKBONE_mean,0.02094930716141406,0.0207902864028472,0.00015902075856685793
Macrophage/Myeloid,GENERIC_PYROPTOSIS_mean,0.18888366467080864,0.1891266952375947,0.00024303056678606771
Macrophage/Myeloid,MEFV_pct,4.3025274937295,4.3,0.002527493729500563
Macrophage/Myeloid,pyrin_specificity_delta_cellz,0.736938103552861,0.7379,0.0009618964471389546
Mast,n_cells,577.0,574.0,3.0
Mast,PYRIN_BACKBONE_mean,0.31928492448487406,0.3192232119655406,6.171251933345667e-05
Mast,NLRP3_BACKBONE_mean,0.027645821337373457,0.0278828282773702,0.00023700693999674505
Mast,GENERIC_PYROPTOSIS_mean,-0.0681056801391123,-0.0670815937377676,0.001024086401344701
Mast,MEFV_pct,0.0,0.0,0.0
Mast,pyrin_specificity_delta_cellz,-0.16521567751730318,-0.1662,0.0009843224826968089
SMC/Fibroblast,n_cells,10277.0,10290.0,13.0
SMC/Fibroblast,PYRIN_BACKBONE_mean,0.35848049177597874,0.3586684330226426,0.0001879412466638808
SMC/Fibroblast,NLRP3_BACKBONE_mean,-0.11137548694616715,-0.1112696946657564,0.0001057922804107575
SMC/Fibroblast,GENERIC_PYROPTOSIS_mean,-0.22277644183229214,-0.2226446014267193,0.00013184040557284726
SMC/Fibroblast,MEFV_pct,0.058382796535954073,0.058,0.00038279653595407054
SMC/Fibroblast,pyrin_specificity_delta_cellz,0.4206293610976166,0.421,0.00037063890238336894
T/NK,n_cells,19113.0,19114.0,1.0
T/NK,PYRIN_BACKBONE_mean,0.3823661297162665,0.382444014190554,7.78844742875262e-05
T/NK,NLRP3_BACKBONE_mean,0.232399605566254,0.232462153721718,6.254815546399839e-05
T/NK,GENERIC_PYROPTOSIS_mean,-0.09989087040166024,-0.0998375276651137,5.334273654654387e-05
T/NK,MEFV_pct,0.0523204101920159,0.052,0.0003204101920159033
T/NK,pyrin_specificity_delta_cellz,-0.5736731964101284,-0.5736,7.31964101283733e-05
