patient,region,cell_type,n,PYRIN_BACKBONE,NLRP3_BACKBONE,MEFV_pct,delta_cell_level_z
Patient 1,AC,B/Plasma,88,0.2898364385130881,-0.04533329159106043,0.0,-0.1656282073423921
Patient 1,AC,Endothelial,792,0.4148519852122942,-0.18800970986880586,0.0,0.7272981513117058
Patient 1,AC,Macrophage/Myeloid,4253,0.6186523090513484,-0.07208107542858848,1.4107688690336233,1.1073999649049453
Patient 1,AC,Mast,75,0.25268484549275155,-0.11712010354200998,0.0,-0.07859902921872503
Patient 1,AC,SMC/Fibroblast,1291,0.4289223408498969,-0.24127840105170062,0.0,0.9426295486660277
Patient 1,AC,T/NK,3094,0.43653449763064495,-0.021892449822235895,0.0,0.2931551465091723
Patient 1,PA,B/Plasma,6,0.30980074348604236,-0.003544641919434081,0.0,-0.22230865011100773
Patient 1,PA,Endothelial,1337,0.4511998270743607,0.2075958412589203,0.44876589379207177,-0.3619593745910439
Patient 1,PA,Macrophage/Myeloid,272,0.5527182731214497,0.023974970815812836,3.6764705882352944,0.5722516515022569
Patient 1,PA,Mast,5,0.3247095843103197,-0.27451231694221495,0.0,0.6678867876062117
Patient 1,PA,SMC/Fibroblast,1157,0.383960955530448,-0.06730660293080627,0.0,0.2429617562509297
Patient 1,PA,T/NK,357,0.4836150476753693,0.07199178592748,0.0,0.1738803375483922
Patient 2,AC,B/Plasma,1583,0.2823687321258326,0.16180001835411134,0.0,-0.8318873368834702
Patient 2,AC,Endothelial,1376,0.47898002265144424,-0.11740919979159223,0.14534883720930233,0.7415986208038668
Patient 2,AC,Macrophage/Myeloid,1618,0.5693107087078363,-0.01307740733778042,3.8318912237330034,0.7466700523484135
Patient 2,AC,Mast,127,0.30602134772287787,-0.1113007556418265,0.0,0.09654791797898045
Patient 2,AC,SMC/Fibroblast,1853,0.37558044416594794,-0.2557738245569302,0.16189962223421478,0.7942378077853007
Patient 2,AC,T/NK,6816,0.3911195438542589,0.24156262920382368,0.029342723004694836,-0.6843039954800977
Patient 2,PA,B/Plasma,575,0.3280710962748067,0.03484509540439947,0.0,-0.2746328876331792
Patient 2,PA,Endothelial,699,0.4460754950526332,-0.024422735278954322,0.14306151645207438,0.33550705595731506
Patient 2,PA,Macrophage/Myeloid,333,0.5346270173323087,0.0787994378970729,6.306306306306306,0.33756132730836397
Patient 2,PA,Mast,9,0.272011961725023,0.16522949854532878,0.0,-0.8799677191527322
Patient 2,PA,SMC/Fibroblast,1013,0.37358774744934764,-0.17702683640388367,0.0,0.5440066729761082
Patient 2,PA,T/NK,2273,0.36503083607623343,0.18185737294244494,0.0,-0.5945056485715744
Patient 3,AC,B/Plasma,222,0.35740008768263287,0.0712848764339143,0.0,-0.28090149067384884
Patient 3,AC,Endothelial,778,0.4756170569773709,0.069203358570109,0.12853470437017994,0.15352868300281147
Patient 3,AC,Macrophage/Myeloid,1920,0.5693463175436206,0.0872756316671148,8.541666666666666,0.4371052431931812
Patient 3,AC,Mast,244,0.3454921396272647,0.036158409370262115,0.0,-0.2156126503633816
Patient 3,AC,SMC/Fibroblast,3015,0.3456547484356438,-0.1570695035183311,0.0,0.38128560613752727
Patient 3,AC,T/NK,4358,0.3540500298710579,0.34452479524355845,0.09178522257916476,-1.1362604011349076
Patient 3,PA,B/Plasma,11,0.3766439554426405,0.22458653043616905,0.0,-0.6843241459837182
Patient 3,PA,Endothelial,741,0.45185604510887895,0.27941848908036987,0.4048582995951417,-0.5812312613564353
Patient 3,PA,Macrophage/Myeloid,538,0.5865293367289157,0.287151366817076,12.639405204460965,-0.11750833729773386
Patient 3,PA,Mast,65,0.33085309609347935,0.1650866406605794,0.0,-0.6664915391725186
Patient 3,PA,SMC/Fibroblast,998,0.3593738435589506,0.0984771088019521,0.1002004008016032,-0.3576718559507066
Patient 3,PA,T/NK,562,0.39084180611661884,0.39902275156481626,0.1779359430604982,-1.1712381607189044
