patient,cell_type,n,PYRIN_BACKBONE,NLRP3_BACKBONE,MEFV_pct,delta_cell_level_z,PYRIN_BACKBONE_rank_within_patient,delta_rank_within_patient
Patient 1,B/Plasma,94,0.2911107558517873,-0.04266593097372258,0.0,-0.16924610794464418,5.0,6.0
Patient 1,Endothelial,2129,0.4376782250289137,0.060428346428878434,0.2818224518553311,0.043250564589312056,3.0,4.0
Patient 1,Macrophage/Myeloid,4525,0.6146889813667225,-0.0663070987261626,1.5469613259668509,1.0752319336904632,1.0,1.0
Patient 1,Mast,80,0.25718639166884955,-0.1269571168795228,0.0,-0.03194366566716649,6.0,5.0
Patient 1,SMC/Fibroblast,2448,0.4076722089811867,-0.15905398502805898,0.0,0.6119450569077481,4.0,2.0
Patient 1,T/NK,3451,0.4414048993594096,-0.012180287503299766,0.0,0.2808163731684019,2.0,3.0
Patient 2,B/Plasma,2158,0.2945461461136269,0.12797282618725114,0.0,-0.6834066564761869,6.0,6.0
Patient 2,Endothelial,2075,0.467895557691652,-0.0860850847581783,0.14457831325301204,0.6047995828145948,2.0,3.0
Patient 2,Macrophage/Myeloid,1951,0.5633908372429205,0.002604288952945442,4.254228600717581,0.6768426789817623,1.0,2.0
Patient 2,Mast,136,0.3037707265906669,-0.09300095940885299,0.0,0.03192555963938181,5.0,4.0
Patient 2,SMC/Fibroblast,2866,0.3748761169594175,-0.2279403636361221,0.10467550593161201,0.7057925392710955,4.0,1.0
Patient 2,T/NK,9089,0.38459521413927905,0.2266313884202266,0.022004620970403784,-0.6618469988332638,3.0,5.0
Patient 3,B/Plasma,233,0.3583085964610023,0.07852229357565164,0.0,-0.29994719543096715,3.0,4.0
Patient 3,Endothelial,1519,0.46402593795528235,0.17175070005009802,0.26333113890717574,-0.20490259992688034,2.0,3.0
Patient 3,Macrophage/Myeloid,2458,0.5731072875687178,0.13102386010921369,9.438567941415785,0.3157130111736075,1.0,1.0
Patient 3,Mast,309,0.34241272917517396,0.06327923472259424,0.0,-0.3104577240610965,6.0,5.0
Patient 3,SMC/Fibroblast,4013,0.3490665742350607,-0.09351716883215054,0.024919013207077,0.1975129803802242,5.0,2.0
Patient 3,T/NK,4920,0.35825266772674996,0.3507499683030192,0.10162601626016261,-1.140255828144299,4.0,6.0
