nUMI_quintile,cell_type,n,MEFV_pct,nUMI_median
Q1,B/Plasma,234,0.0,1428.0
Q1,Endothelial,537,0.0,1324.0
Q1,Macrophage/Myeloid,999,0.7007007007007007,1044.0
Q1,Mast,209,0.0,1114.0
Q1,SMC/Fibroblast,1428,0.0,1149.0
Q1,T/NK,5491,0.01821161901293025,1349.0
Q2,B/Plasma,652,0.0,2672.0
Q2,Endothelial,508,0.39370078740157477,2537.0
Q2,Macrophage/Myeloid,555,1.8018018018018018,2553.0
Q2,Mast,61,0.0,2442.0
Q2,SMC/Fibroblast,937,0.0,2560.0
Q2,T/NK,6172,0.04860661049902787,2537.0
Q3,B/Plasma,786,0.0,3569.0
Q3,Endothelial,982,0.30549898167006106,3848.5
Q3,Macrophage/Myeloid,799,3.254067584480601,3876.0
Q3,Mast,65,0.0,3823.0
Q3,SMC/Fibroblast,1684,0.05938242280285036,3857.5
Q3,T/NK,4574,0.0,3604.0
Q4,B/Plasma,157,0.0,5470.0
Q4,Endothelial,2242,0.2676181980374665,5907.5
Q4,Macrophage/Myeloid,2224,3.9568345323741005,6078.0
Q4,Mast,154,0.0,5764.0
Q4,SMC/Fibroblast,3040,0.03289473684210526,5794.5
Q4,T/NK,1074,0.0,5063.5
Q5,B/Plasma,656,0.0,31089.5
Q5,Endothelial,1454,0.1375515818431912,9238.5
Q5,Macrophage/Myeloid,4357,5.829699334404407,10736.0
Q5,Mast,36,0.0,8420.0
Q5,SMC/Fibroblast,2238,0.08936550491510277,9499.0
Q5,T/NK,149,2.013422818791946,11589.0
