module,contrast,estimate,ci95_lo,ci95_hi
PYRIN_BACKBONE_score,Endothelial minus Macrophage/Myeloid (adjusted for log nUMI + sample),-0.10512807607323507,-0.1139729151821347,-0.09628323696433544
PYRIN_BACKBONE_score,T/NK minus Macrophage/Myeloid (adjusted for log nUMI + sample),-0.0913371303210482,-0.09884920354225944,-0.08382505709983697
PYRIN_BACKBONE_score,SMC/Fibroblast minus Macrophage/Myeloid (adjusted for log nUMI + sample),-0.1675500873375514,-0.17527540562066998,-0.1598247690544328
PYRIN_BACKBONE_score,Mast minus Macrophage/Myeloid (adjusted for log nUMI + sample),-0.1630420239128735,-0.1855089299684598,-0.1405751178572872
PYRIN_BACKBONE_score,B/Plasma minus Macrophage/Myeloid (adjusted for log nUMI + sample),-0.25296101957301936,-0.2647273916007243,-0.24119464754531442
PYRIN_BACKBONE_score,log_nUMI slope,0.09771308898234515,0.09442715220793395,0.10099902575675636
NLRP3_BACKBONE_score,Endothelial minus Macrophage/Myeloid (adjusted for log nUMI + sample),-0.06016448750184897,-0.06969830557551629,-0.05063066942818164
NLRP3_BACKBONE_score,T/NK minus Macrophage/Myeloid (adjusted for log nUMI + sample),0.1337657791744194,0.12566854432759966,0.14186301402123913
NLRP3_BACKBONE_score,SMC/Fibroblast minus Macrophage/Myeloid (adjusted for log nUMI + sample),-0.25214483031152496,-0.26047192119080625,-0.24381773943224364
NLRP3_BACKBONE_score,Mast minus Macrophage/Myeloid (adjusted for log nUMI + sample),-0.13216194170418197,-0.15637893337298603,-0.10794495003537792
NLRP3_BACKBONE_score,B/Plasma minus Macrophage/Myeloid (adjusted for log nUMI + sample),0.07447371340423264,0.061790786228502155,0.08715664057996314
NLRP3_BACKBONE_score,log_nUMI slope,-0.041812318738336345,-0.045354217355495816,-0.038270420121176874
