sub,sig_Mono_classical,sig_Mono_nonclassical,sig_Mono_inflammatory_IL1B,sig_Mac_C1Q,sig_Mac_TREM2_lipid,sig_Mac_LYVE1_resident,sig_cDC1,sig_cDC2,sig_mregDC_LAMP3,sig_pDC,sig_Neutrophil,sig_Proliferating,sig_T_contaminant,sig_SMC_contaminant,sig_EC_contaminant
0,-0.3110562736183177,0.13289183379384198,0.45710292932833574,0.6582884447562113,0.1833877136328909,0.31368196634060536,-0.24655104074929476,-0.1283047943521833,-0.003714013843557039,-0.18796951337245413,-0.12398563828613927,0.7007925277117357,3.4445035096577774,0.03009012938709585,-0.035904462530414995
1,-0.8758285563728525,-0.859299322817817,-0.1773912887940141,-0.9547626323618071,-1.008967347706841,-0.5152769136645763,-0.23820428445412362,3.4323280352268886,3.1101000781056753,1.334845284245188,-0.32899255163316904,0.0864998845181918,-0.033790275835168956,-0.3158367734599335,-1.3473203502912654
2,1.9434912847087877,0.10081987292902785,1.0018876816541795,-1.0540128776822175,-0.7829576957358143,-0.6504547257127473,-0.2792239524788332,-0.19333210556453254,-0.8042510209530728,-0.5654911954164271,0.23573703735795884,-1.0658326209203544,-0.16788557936843984,-0.3187222317145136,0.9355154591068633
3,0.9917856743530026,0.48512528767027,-0.5059738890972462,-0.5059926140115425,-0.6060040320312655,-0.3031219946370082,-0.2682166067411784,-0.06325987117726857,0.02034194192309577,-0.3176098215825459,-0.22159448969193288,-1.2696138213727741,-0.4811548234704426,-0.3192658277955333,0.32098744228407816
4,-0.46775136786765514,1.0516086850942101,0.9172768610343655,1.8364443357173263,-0.3035324691045783,2.437614463182794,-0.2910576423192841,-0.23501533370312305,-0.27276346761452547,1.5885041057650444,-0.550977571389154,1.3004959725992178,-0.3745069921507383,-0.3327245697768568,-0.06937398786570328
5,-0.5735991961658998,1.4865811364452168,1.065382547566006,1.0733292122498364,-0.40277147130796437,0.89686062889719,-0.22724516690191798,-0.0385730107303675,-0.21294323606868867,0.5858125613174621,-0.509801028918614,1.0941237818051561,-0.3708039377709334,-0.29262549764342255,-0.8254666839500114
6,-0.4684095471575897,-0.5686420443321698,0.20907352355306447,0.39699539663562655,-0.025330006670607173,0.5157469379577055,-0.29081765632727513,-0.31588575286682863,-0.6929449320995938,0.5230065590985646,-0.007909323724614814,-0.46328108572763776,-0.17916549329021766,0.3594929320666151,-0.5716072224410703
7,-0.5260880772163404,-0.5386916820192565,-1.294213807131532,0.12595203470034771,2.169916211784236,-0.6384886138558961,-0.25902245173386285,-0.4629327845906524,-0.5918817635542757,-0.7479925670002096,-0.4127724608487589,0.4229234211402148,-0.2937179585403557,-0.5557518313739511,-0.8586360431827563
8,0.20422076181771281,0.11153242755771853,-0.016110869282680636,0.003982061637530545,0.2158845418289083,-0.15665289489535544,-0.2999255455957245,-0.21480137147234943,0.7265092146323829,-0.5337524796697973,-0.039070678227437435,0.2550587967991145,-0.48064119478219763,3.3528984459691102,2.047197247730462
9,-0.6291634425492412,1.5626550228152838,1.4043034780857244,1.584114785094464,-0.614576366574486,1.3307845037874593,-0.23736805201489092,-0.15935317934143964,-0.22202660934910864,1.3334072136492823,-0.5177654198610057,0.20868927784960103,-0.27589905159226014,-0.11948277228504153,0.5486751331674
10,1.9267278040463727,0.31571112389945255,-0.10319541951877349,-0.3817232760009551,-0.5851670947438833,-0.34463502445393707,-0.27643163213438454,-0.19023307762337535,0.08149047152899662,0.5355678369431472,3.3856409486093235,-0.3192390761550921,-0.24796421372753008,0.06122120499353856,1.3534290207700164
11,-1.3840085584403763,-2.2266577337983495,-2.2937629952076426,-1.3971614071692626,-1.0683516151534367,-1.0452012565761628,3.473489666040556,-0.4851402502639046,0.3039470235463698,-0.6027321446303988,-0.38777682825469234,1.6577136270942106,-0.2126226271023883,-0.5415592645833417,-1.4536689446261148
12,-0.2698992729737921,-0.5584804951274179,-0.7442800552213877,-0.585182565523254,1.6336991947939454,-0.9182744789362324,-0.29020876807338497,-0.4870275645705435,-0.6367671539343106,-1.548282913682917,-0.35954866746792236,-1.068188417015721,-0.23851893993280124,-0.4898285639990268,0.07048011973336067
13,0.4395787674361894,-0.4951541121100119,0.07990130303159891,-0.8002708980423042,1.1947704369888954,-0.9225825974338376,-0.26921686651640064,-0.4584689389703205,-0.805096532319388,-1.3973129256639385,-0.1611833276638421,-1.5401422683258625,-0.08783242209430372,-0.5179053797847388,-0.11430672790484428
