subcluster,subset,lineage,n_cells,n_samples,max_single_sample_fraction,AC_fraction,MEFV_pct,MEFV_pct_SoupX,MEFV_pct_DecontX,MEFV_pct_by_patient,PYRIN_BACKBONE_mean,NLRP3_BACKBONE_mean,delta_cell_level_z,median_nUMI,top_signature_z,second_signature
2,Classical monocyte,Monocyte,1905,6,0.4456692913385827,0.8183727034120735,12.178477690288714,12.125984251968504,12.178477690288714,Patient 1:4.8;Patient 2:14.0;Patient 3:22.4,0.638111431376348,-0.05094668571983422,1.1126304214976608,6671.0,1.9434912847087877,Mono_inflammatory_IL1B
3,Classical monocyte,Monocyte,469,6,0.2771855010660981,0.7313432835820896,9.594882729211088,9.594882729211088,9.594882729211088,Patient 1:3.3;Patient 2:5.3;Patient 3:16.5,0.5957946706941359,0.19846859791194962,0.18971574322475848,6786.0,0.9917856743530026,Mono_nonclassical
8,Mixed (SMC transcripts),Mixed,36,6,0.3333333333333333,0.8888888888888888,5.555555555555555,5.555555555555555,5.555555555555555,Patient 1:0.0;Patient 2:0.0;Patient 3:18.2,0.5354560151335633,-0.028877129683064093,0.6728571788732186,9215.5,3.3528984459691102,EC_contaminant
1,cDC2,Dendritic cell,408,6,0.3872549019607843,0.8799019607843137,4.901960784313726,4.411764705882353,4.901960784313726,Patient 1:0.8;Patient 2:4.6;Patient 3:8.1,0.5761345521864807,0.01084783623798514,0.6975415765081113,10414.5,3.4323280352268886,mregDC_LAMP3
4,LYVE1+ resident-like macrophage,Macrophage,1115,6,0.31748878923766816,0.8286995515695067,3.2286995515695067,3.2286995515695067,3.2286995515695067,Patient 1:1.4;Patient 2:2.8;Patient 3:4.8,0.5462210186062728,0.07206537152178619,0.4003192177373173,8142.0,2.437614463182794,Mac_C1Q
5,Non-classical monocyte,Monocyte,1752,6,0.2990867579908676,0.8613013698630136,1.9977168949771689,1.9977168949771689,1.9977168949771689,Patient 1:1.4;Patient 2:1.8;Patient 3:2.7,0.5770833455232619,0.03104605020334323,0.6386441543671748,8267.0,1.4865811364452168,Proliferating
6,pDC,Dendritic cell,184,6,0.45108695652173914,0.8586956521739131,1.0869565217391304,1.0869565217391304,1.0869565217391304,Patient 1:0.0;Patient 2:5.0;Patient 3:0.0,0.15823606217944103,0.13514351079645365,-1.1990486396219517,1084.5,0.5230065590985646,Mac_LYVE1_resident
10,Neutrophil,Neutrophil,100,6,0.59,0.25,1.0,1.0,1.0,Patient 1:0.0;Patient 2:1.7;Patient 3:0.0,0.4414162361139721,0.23770156483054167,-0.4902885687442208,390.5,3.3856409486093235,Mono_classical
7,TREM2+ lipid-associated macrophage,Macrophage,1445,6,0.7764705882352941,0.9896193771626297,0.5536332179930795,0.5536332179930795,0.5536332179930795,Patient 1:0.3;Patient 2:0.0;Patient 3:3.8,0.6528287362231882,-0.07220587559075298,1.2315214316425596,9953.0,2.169916211784236,Proliferating
13,TREM2+ lipid-associated macrophage,Macrophage,641,3,0.9032761310452418,1.0,0.46801872074883,0.46801872074883,0.46801872074883,Patient 1:0.5;Patient 2:0.0;Patient 3:0.0,0.6682069917413263,0.0199157550466042,1.0029074073782953,5498.0,1.1947704369888954,Mono_classical
0,Mixed (T-cell transcripts),Mixed,398,6,0.4748743718592965,0.871859296482412,0.25125628140703515,0.25125628140703515,0.25125628140703515,Patient 1:0.0;Patient 2:0.0;Patient 3:1.1,0.4434937474620469,-0.0731590682357999,0.4765621845304647,1011.0,3.4445035096577774,Proliferating
9,C1Q+ macrophage,Macrophage,95,6,0.42105263157894735,0.8631578947368421,0.0,0.0,0.0,Patient 1:0.0;Patient 2:0.0;Patient 3:0.0,0.5692591438010423,0.041680493055205596,0.5774981593697699,6986.0,1.584114785094464,Mono_nonclassical
11,cDC1,Dendritic cell,84,5,0.4880952380952381,0.9523809523809523,0.0,0.0,0.0,Patient 1:0.0;Patient 2:0.0;Patient 3:0.0,0.5378149881427566,-0.24739412628469015,1.3557505929672513,12416.5,3.473489666040556,Proliferating
12,TREM2+ lipid-associated macrophage,Macrophage,302,3,0.9172185430463576,1.0,0.0,0.0,0.0,Patient 1:0.0;Patient 2:0.0;Patient 3:0.0,0.6596134932650152,-0.060226999948800396,1.2191184404578297,7123.5,1.6336991947939454,EC_contaminant
