definition,lineage,n_cells,AC_fraction,MEFV_pos,MEFV_pct,MEFV_pct_SoupX,MEFV_pct_DecontX,PYRIN_BACKBONE_mean,NLRP3_BACKBONE_mean,median_nUMI
lineage,Dendritic cell,676,0.8831360946745562,22,3.2544378698224854,2.9585798816568047,3.2544378698224854,0.4576254315637468,0.01259055704693999,8470.0
lineage,Macrophage,3598,0.9391328515842134,47,1.3062812673707616,1.3062812673707616,1.3062812673707616,0.6208942565096789,-0.007072681806911164,7924.5
lineage,Mixed,434,0.8732718894009217,3,0.6912442396313364,0.6912442396313364,0.6912442396313364,0.4511219539970113,-0.06948591204248541,1068.0
lineage,Monocyte,4126,0.8267086766844401,312,7.56180319922443,7.537566650508968,7.56180319922443,0.60738729972958,0.012220314125224792,7300.5
lineage,Neutrophil,100,0.25,1,1.0,1.0,1.0,0.4414162361139721,0.23770156483054167,390.5
lineage_cell_level,Dendritic cell,637,0.8901098901098901,25,3.924646781789639,3.610675039246468,3.924646781789639,0.5625624263452107,0.0018044986754796218,10149.0
lineage_cell_level,Macrophage,5306,0.9140595552205051,76,1.4323407463249151,1.4323407463249151,1.4323407463249151,0.5832620900848413,0.0016034259656679333,7579.0
lineage_cell_level,Monocyte,2922,0.7997946611909651,284,9.71937029431896,9.685147159479808,9.71937029431896,0.6185906374138275,0.0015276654663863528,6649.5
lineage_cell_level,Neutrophil,63,0.49206349206349204,0,0.0,0.0,0.0,0.4056926128002281,0.1992605586468227,484.0
lineage_cell_level,Unassigned,6,1.0,0,0.0,0.0,0.0,0.5199140479299758,0.07058277368545533,1905.0
