marker,pct_in_MEFV_pos,pct_in_MEFV_neg,odds_ratio,or_ci95_lo,or_ci95_hi,fisher_p
CD14,94.8051948051948,87.88162358170547,2.459577638299841,1.568952861496415,3.8557704997298576,7.941544792845989e-06
FCN1,76.88311688311688,40.30880804772488,4.905592832822871,3.8576969659912286,6.238136705291908,4.3853325533975466e-46
VCAN,74.54545454545455,48.29804655515265,3.124464128657063,2.4757281768421078,3.9431938379103153,1.0454116748244664e-24
S100A8,74.28571428571429,37.68861855187741,4.760275387800133,3.7737721816578884,6.004660768298063,5.1635780626636474e-46
S100A9,90.3896103896104,63.02491519475962,5.452514305156042,3.8821145268544957,7.658174956528165,2.971327518567745e-33
LYZ,98.18181818181819,89.5777283892853,5.874653435180954,2.8422040822620507,12.142531635524342,1.0540767100984004e-10
SELL,34.02597402597402,11.603696338753071,3.9344642777610077,3.155423360256204,4.905842223251003,3.767834351287019e-29
CSF3R,53.506493506493506,26.973915077786877,3.1140835485520815,2.5352684265014083,3.825045208623134,1.2618896878635775e-26
FCGR3B,1.5584415584415585,1.5557375131594338,1.0798211721514115,0.48813493901133226,2.388711953682501,1.0
C1QA,38.44155844155844,51.49140250321675,0.5890468932125885,0.47776440738874454,0.7262496683246583,5.160709493246183e-07
APOE,18.961038961038962,49.33910398877062,0.24150024890363878,0.18665674057574272,0.3124578841386822,1.1177066410871677e-33
TREM2,14.285714285714286,29.383553632003743,0.4035269943775826,0.30251600926575445,0.538265844464314,1.467381917614749e-11
CD68,94.8051948051948,87.63598081646977,2.5164432725408337,1.6053560324535785,3.9445995878170628,4.361556406189339e-06
