v1_style_leiden_cluster,cluster_MEFV_pct,subset,n_cells,fraction
7,11.967361740707162,Classical monocyte,1956,0.886672710788758
7,11.967361740707162,Neutrophil,93,0.04215775158658205
7,11.967361740707162,TREM2+ lipid-associated macrophage,50,0.022665457842248413
7,11.967361740707162,Mixed (T-cell transcripts),42,0.019038984587488667
7,11.967361740707162,Non-classical monocyte,33,0.014959202175883953
7,11.967361740707162,Mixed (SMC transcripts),12,0.005439709882139619
7,11.967361740707162,pDC,9,0.004079782411604714
7,11.967361740707162,cDC2,8,0.003626473254759746
7,11.967361740707162,C1Q+ macrophage,3,0.0013599274705349048
