cell_type,metric,n_patients,mean_AC_minus_PA,n_AC_higher,per_patient
B/Plasma,MEFV detection (%),3,0.0,0,+0.000;+0.000;+0.000
B/Plasma,PYRIN_BACKBONE,3,-0.02830351229397865,0,-0.020;-0.046;-0.019
B/Plasma,NLRP3_BACKBONE,3,-0.022711793574723065,1,-0.042;+0.127;-0.153
B/Plasma,Specificity delta (cell-level z),3,-0.0323837837239353,2,+0.057;-0.557;+0.403
B/Plasma,Cytokine arm (CASP1/IL1B/IL18),3,0.023700264848465172,2,+0.067;+0.024;-0.020
B/Plasma,Lysis arm (GSDMD/GSDME/NINJ1),3,0.027800892563369022,2,+0.090;+0.007;-0.014
Endothelial,MEFV detection (%),3,-0.24093405608660187,1,-0.449;+0.002;-0.276
Endothelial,PYRIN_BACKBONE,3,0.006772565868412184,2,-0.036;+0.033;+0.024
Endothelial,NLRP3_BACKBONE,3,-0.23293571538354163,0,-0.396;-0.093;-0.210
Endothelial,Specificity delta (cell-level z),3,0.7433696783695161,3,+1.089;+0.406;+0.735
Endothelial,Cytokine arm (CASP1/IL1B/IL18),3,-0.02681135268449752,0,-0.019;-0.021;-0.041
Endothelial,Lysis arm (GSDMD/GSDME/NINJ1),3,0.01806151336768221,2,+0.040;-0.006;+0.020
Macrophage/Myeloid,MEFV detection (%),3,-2.9459517798564243,0,-2.266;-2.474;-4.098
Macrophage/Myeloid,PYRIN_BACKBONE,3,0.02781156937337707,2,+0.066;+0.035;-0.017
Macrophage/Myeloid,NLRP3_BACKBONE,3,-0.1292695422097386,0,-0.096;-0.092;-0.200
Macrophage/Myeloid,Specificity delta (cell-level z),3,0.49962353964455103,3,+0.535;+0.409;+0.555
Macrophage/Myeloid,Cytokine arm (CASP1/IL1B/IL18),3,-0.011957568534104032,2,-0.379;+0.026;+0.317
Macrophage/Myeloid,Lysis arm (GSDMD/GSDME/NINJ1),3,0.051410759972802984,2,+0.120;+0.091;-0.057
Mast,MEFV detection (%),3,0.0,0,+0.000;+0.000;+0.000
Mast,PYRIN_BACKBONE,3,-0.0077921030953092925,2,-0.072;+0.034;+0.015
Mast,NLRP3_BACKBONE,3,-0.0826887573590892,1,+0.157;-0.277;-0.129
Mast,Specificity delta (cell-level z),3,0.22696956970530432,2,-0.746;+0.977;+0.451
Mast,Cytokine arm (CASP1/IL1B/IL18),3,0.0668189171822094,2,+0.160;-0.072;+0.113
Mast,Lysis arm (GSDMD/GSDME/NINJ1),3,0.028891694203270136,3,+0.056;+0.001;+0.029
SMC/Fibroblast,MEFV detection (%),3,0.020566407144203862,1,+0.000;+0.162;-0.100
SMC/Fibroblast,PYRIN_BACKBONE,3,0.011078328970914117,2,+0.045;+0.002;-0.014
SMC/Fibroblast,NLRP3_BACKBONE,3,-0.169421799531408,0,-0.174;-0.079;-0.256
SMC/Fibroblast,Specificity delta (cell-level z),3,0.5629521297708414,3,+0.700;+0.250;+0.739
SMC/Fibroblast,Cytokine arm (CASP1/IL1B/IL18),3,-0.007713469179685952,2,+0.018;+0.003;-0.044
SMC/Fibroblast,Lysis arm (GSDMD/GSDME/NINJ1),3,0.037323118002153474,3,+0.075;+0.014;+0.023
T/NK,MEFV detection (%),3,-0.018935999158879536,1,+0.000;+0.029;-0.086
T/NK,PYRIN_BACKBONE,3,-0.019261206170753258,1,-0.047;+0.026;-0.037
T/NK,NLRP3_BACKBONE,3,-0.02955897860319831,1,-0.094;+0.060;-0.054
T/NK,Specificity delta (cell-level z),3,0.021484740545417973,2,+0.119;-0.090;+0.035
T/NK,Cytokine arm (CASP1/IL1B/IL18),3,0.003371326564853498,2,+0.028;+0.008;-0.025
T/NK,Lysis arm (GSDMD/GSDME/NINJ1),3,0.012727687858388383,2,+0.041;+0.000;-0.004
