module,n_genes_present,mean_paired_diff,n_pairs_positive,cohens_dz,t_ci95_lo,t_ci95_hi,paired_t_p,per_pair_diffs,r_with_myeloid,r_p,resid_mean_paired_diff,resid_n_pairs_positive,resid_paired_t_p,resid_per_pair_diffs,attenuation_pct
PYRIN_BACKBONE,9,0.7209817448087794,4,1.4398834539734437,-0.07577916094783999,1.5177426505653988,0.06354111460917762,+1.293;+0.801;+0.716;+0.074,0.6754819880656017,0.0659938325819025,0.1398203650163997,3.0,0.6920648116790593,+0.583;+0.495;+0.284;-0.803,80.60694795351813
PYRIN_FULL,14,0.8299426965459595,4,2.180098276502668,0.22417916361546275,1.4357062294764562,0.022298277413997935,+1.389;+0.731;+0.661;+0.539,0.8538084457903946,0.006979617342390743,0.07369153234877349,3.0,0.776613117228251,+0.464;+0.334;+0.099;-0.602,91.1208891101203
NLRP3_BACKBONE,5,0.3569038804032827,3,0.863440975678111,-0.3008292290538016,1.0146369898603669,0.18264286749403172,+0.711;+0.200;+0.673;-0.156,0.7362927065538706,0.03725721422260496,-0.06219242244641868,2.0,0.8225350803674863,+0.199;-0.021;+0.361;-0.788,117.42553832032998
NLRP3_FULL,10,0.691488145038083,4,2.212620498730893,0.1941990948855245,1.1887771951906414,0.021432499042205625,+1.136;+0.402;+0.617;+0.611,0.9372725882395687,0.0005883735583778229,-0.053766394449686256,3.0,0.7588372940928537,+0.225;+0.011;+0.063;-0.514,107.7754614935192
EFFECTOR_CYTOKINE_ARM,3,1.3288727706676355,4,2.536955747120769,0.49538045532020103,2.16236508601507,0.014784837895797527,+1.092;+1.080;+1.030;+2.114,0.9630815929123098,0.0001223391520549472,0.0700227184989089,3.0,0.7298790403810986,-0.447;+0.418;+0.094;+0.214,94.73066797329824
EFFECTOR_LYSIS_ARM,3,0.6918996929758322,4,1.0363986214783365,-0.37040084269884554,1.75420022865051,0.12989400013052305,+1.619;+0.437;+0.662;+0.050,0.80743666977261,0.015372140061096596,-0.14996206972299783,2.0,0.7206382140034708,+0.590;-0.005;+0.036;-1.220,121.67396101565203
NONCANONICAL_CASP4_5,2,1.2040892624282866,3,1.1252177468575144,-0.49866979693976776,2.906848321796341,0.10989378362842674,+1.374;-0.338;+1.685;+2.096,0.8379971548867503,0.009379732747621211,0.18021910595684465,3.0,0.6742304135414399,+0.122;-0.876;+0.924;+0.552,85.03274536362888
LEGACY_GENERIC_8GENE,8,1.1214283624479324,4,2.7301402186657406,0.46781989129458124,1.7750368336012836,0.012070439979452204,+1.442;+0.618;+0.955;+1.471,0.9743845361079249,4.121597574202357e-05,0.06370293784672997,3.0,0.4116345362968552,+0.149;+0.062;+0.168;-0.125,94.3194821907594
MYELOID_MARKER,10,1.3403277109003477,4,2.237653234104951,0.38720394122690094,2.2934514805737947,0.02079554796378642,+1.638;+0.704;+0.997;+2.022,,,,,,,
