module,mean_paired_diff,cohens_dz,attenuation_pct,myeloid_log2_enrichment_mean,genes_sc,per_gene
PYRIN_BACKBONE,0.7209817448087794,1.4398834539734437,80.60694795351813,0.4362418055534363,MEFV;RHOA;RAC1;CDC42;PKN1;PKN2;YWHAB;YWHAZ;PSTPIP1,MEFV:+2.72;RHOA:+0.58;RAC1:+0.98;CDC42:+0.27;PKN1:-0.03;PKN2:-0.34;YWHAB:+0.13;YWHAZ:-0.12;PSTPIP1:-0.28
PYRIN_FULL,0.8299426965459595,2.180098276502668,91.1208891101203,1.2431963682174683,MEFV;PYCARD;CASP1;GSDMD;IL1B;IL18;RHOA;RAC1;CDC42;PKN1;PKN2;YWHAB;YWHAZ;PSTPIP1,MEFV:+2.72;PYCARD:+2.34;CASP1:+1.21;GSDMD:-0.46;IL1B:+6.65;IL18:+3.74;RHOA:+0.58;RAC1:+0.98;CDC42:+0.27;PKN1:-0.03;PKN2:-0.34;YWHAB:+0.13;YWHAZ:-0.12;PSTPIP1:-0.28
NLRP3_BACKBONE,0.3569038804032827,0.863440975678111,117.42553832032998,0.31162720918655396,NLRP3;NEK7;TXNIP;NFKB1;RELA,NLRP3:+3.37;NEK7:-0.58;TXNIP:-1.19;NFKB1:+0.48;RELA:-0.52
NLRP3_FULL,0.691488145038083,2.212620498730893,107.7754614935192,1.5036709308624268,NLRP3;NEK7;TXNIP;NFKB1;RELA;PYCARD;CASP1;GSDMD;IL1B;IL18,NLRP3:+3.37;NEK7:-0.58;TXNIP:-1.19;NFKB1:+0.48;RELA:-0.52;PYCARD:+2.34;CASP1:+1.21;GSDMD:-0.46;IL1B:+6.65;IL18:+3.74
EFFECTOR_CYTOKINE_ARM,1.3288727706676355,2.536955747120769,94.73066797329824,3.8669910430908203,CASP1;IL1B;IL18,CASP1:+1.21;IL1B:+6.65;IL18:+3.74
EFFECTOR_LYSIS_ARM,0.6918996929758322,1.0363986214783365,121.67396101565203,1.276565432548523,GSDMD;GSDME;NINJ1,GSDMD:-0.46;GSDME:+1.69;NINJ1:+2.60
NONCANONICAL_CASP4_5,1.2040892624282866,1.1252177468575144,85.03274536362888,1.4394439458847046,CASP4;CASP5,CASP4:+0.09;CASP5:+2.79
LEGACY_GENERIC_8GENE,1.1214283624479324,2.7301402186657406,94.3194821907594,2.256319522857666,PYCARD;CASP1;CASP4;CASP5;GSDMD;GSDME;IL1B;IL18,PYCARD:+2.34;CASP1:+1.21;CASP4:+0.09;CASP5:+2.79;GSDMD:-0.46;GSDME:+1.69;IL1B:+6.65;IL18:+3.74
MYELOID_MARKER,1.3403277109003477,2.237653234104951,,5.758072853088379,LYZ;CD68;CD14;FCGR3A;LST1;C1QA;C1QB;C1QC;MS4A7;TYROBP,LYZ:+6.64;CD68:+5.38;CD14:+6.01;FCGR3A:+4.25;LST1:+4.86;C1QA:+6.43;C1QB:+6.35;C1QC:+6.72;MS4A7:+6.21;TYROBP:+4.74
