parameter,perturb,value,peak_P_active_delta,peak_IL1B_out_delta,IL1B_AUC_delta,time_to_50pct_peak_IL1B_delta,peak_IL18_out_delta,IL18_AUC_delta,time_to_50pct_peak_IL18_delta,IL1B_to_IL18_AUC_ratio_delta,lysed_fraction_end_delta,time_to_50pct_final_lysis_delta,IL1B_released_via_pores_fraction_delta
priming_input,minus20,0.8,-0.03149249848458158,-0.06309436768824886,-1.2421743658630664,0.09999999999999964,-0.006781449374587745,-0.07290441641925938,0.09999999999999964,-0.2000000000000004,-0.004345129101999579,0.10000000000000053,0.0033420017559429027
priming_input,plus20,1.2,0.03187518253391197,0.06503655177947604,1.262555375096703,-0.10000000000000053,0.0061394529924141406,0.06558711864086852,-0.10000000000000053,0.20000000000000062,0.003736466282801554,-0.14999999999999947,-0.0027746640876928907
signal2_input,minus20,0.8,-0.0868591818226212,-0.017770588037305857,-0.15962374024891623,0.4500000000000002,-0.017770588037305857,-0.15962374024891623,0.4500000000000002,0.0,-0.006865970738685001,0.5,0.007433715206167979
signal2_input,plus20,1.2,0.06619135553763561,0.009765526415296044,0.08869421326836058,-0.25,0.009765526415296044,0.08869421326836058,-0.25,0.0,0.003098224261535387,-0.2999999999999998,-0.0029237760804089463
pyrin_activation_threshold,minus20,0.4,0.03513020007183537,0.00550505298822157,0.04980101083833155,-0.15000000000000036,0.00550505298822157,0.04980101083833155,-0.15000000000000036,0.0,0.0017951902811880194,-0.20000000000000018,-0.001747842388339027
pyrin_activation_threshold,plus20,0.6,-0.04018860079834852,-0.007371290289175769,-0.06624869100010944,0.14999999999999947,-0.007371290289175769,-0.06624869100010944,0.14999999999999947,0.0,-0.002631815969790563,0.20000000000000018,0.002749827338168531
inhibition_factor,minus20,0.0,0.0,0.0,0.0,0.0,0.0,0.0,0.0,0.0,0.0,0.0,0.0
inhibition_factor,plus20,0.2,-0.04018860079834863,-0.007371290289175159,-0.06624869100008635,0.14999999999999947,-0.007371290289175159,-0.06624869100008635,0.14999999999999947,0.0,-0.002631815969791562,0.20000000000000018,0.0027498273381704186
pyrin_activation_rate,minus20,0.6400000000000001,-0.04018860079834852,-0.007371290289175769,-0.06624869100010944,0.14999999999999947,-0.007371290289175769,-0.06624869100010944,0.14999999999999947,0.0,-0.002631815969790563,0.20000000000000018,0.002749827338168531
pyrin_activation_rate,plus20,0.96,0.03513020007183537,0.00550505298822157,0.04980101083833155,-0.15000000000000036,0.00550505298822157,0.04980101083833155,-0.15000000000000036,0.0,0.0017951902811880194,-0.20000000000000018,-0.001747842388339027
pyrin_basal_synthesis,minus20,0.04000000000000001,-0.03149249848458158,-0.006781448678213953,-0.07290442217150073,0.09999999999999964,-0.006781448678213953,-0.07290442217150073,0.09999999999999964,0.0,-0.004345129337672615,0.10000000000000053,0.003342002257053278
pyrin_basal_synthesis,plus20,0.06,0.03187518253391197,0.006139453448727017,0.06558710467384188,-0.10000000000000053,0.006139453448727017,0.06558710467384188,-0.10000000000000053,0.0,0.00373646613489631,-0.14999999999999947,-0.002774664258639148
pyrin_priming_synthesis,minus20,0.04000000000000001,-0.03149249848458158,-0.006781448678213953,-0.07290442217150073,0.09999999999999964,-0.006781448678213953,-0.07290442217150073,0.09999999999999964,0.0,-0.004345129337672615,0.10000000000000053,0.003342002257053278
pyrin_priming_synthesis,plus20,0.06,0.03187518253391197,0.006139453448727017,0.06558710467384188,-0.10000000000000053,0.006139453448727017,0.06558710467384188,-0.10000000000000053,0.0,0.00373646613489631,-0.14999999999999947,-0.002774664258639148
pyrin_turnover,minus20,0.08000000000000002,0.07705589511644906,0.01316059210341436,0.10300758076185801,-0.25,0.01316059210341436,0.10300758076185801,-0.25,0.0,0.004055608041467318,-0.25,-0.005423875493046348
pyrin_turnover,plus20,0.12,-0.05020033686622599,-0.010421245246381994,-0.08086209431525138,0.14999999999999947,-0.010421245246381994,-0.08086209431525138,0.14999999999999947,0.0,-0.0033471659385229113,0.20000000000000018,0.004798255579187893
ASC_recruitment_rate,minus20,0.48,0.0382802987437616,-0.005978701796333918,-0.04628834428543893,0.20000000000000018,-0.005978701796333918,-0.04628834428543893,0.20000000000000018,0.0,-0.0007520836632144423,0.20000000000000018,0.0014790067073602309
ASC_recruitment_rate,plus20,0.72,-0.02969768853813448,0.004250034123662039,0.03423287723376056,-0.15000000000000036,0.004250034123662039,0.03423287723376056,-0.15000000000000036,0.0,0.0004897638301122331,-0.20000000000000018,-0.0008367703612519595
CASP1_activation_rate,minus20,0.5599999999999999,3.225541749929395e-05,-0.017074420399421086,-0.1738112387730819,0.25,-0.017074420399421086,-0.1738112387730819,0.25,0.0,-0.009913753683681081,0.2999999999999998,0.008406258368658714
CASP1_activation_rate,plus20,0.84,-5.6508218604145455e-05,0.014600079758324114,0.14668279661590944,-0.25,0.014600079758324114,0.14668279661590944,-0.25,0.0,0.007291163527399558,-0.25,-0.005568709924956727
GSDMD_cleavage_rate,minus20,0.7200000000000001,3.28852257266421e-05,0.025173890959540868,0.6772090602156737,0.25,0.025173890959540868,0.6772090602156737,0.25,0.0,-0.011227161564805188,0.35000000000000053,0.006992050826340246
GSDMD_cleavage_rate,plus20,1.08,-5.955476158092665e-05,-0.019018221861453577,-0.5016624332624939,-0.20000000000000018,-0.019018221861453577,-0.5016624332624939,-0.20000000000000018,0.0,0.00816538530406552,-0.2999999999999998,-0.003955367141943222
cytokine_maturation_rate,minus20,0.4,0.0,-0.043870306852140384,-0.8238711872843041,0.04999999999999982,-0.043870306852140384,-0.8238711872843041,0.04999999999999982,0.0,8.847222954244671e-11,0.0,0.003129589903598573
cytokine_maturation_rate,plus20,0.6,0.0,0.03901897970520596,0.7155887185555372,-0.04999999999999982,0.03901897970520596,0.7155887185555372,-0.04999999999999982,0.0,1.107330893646008e-10,0.0,-0.002528087086868469
proIL1B_priming_synthesis,minus20,0.08000000000000002,0.0,-0.05766920866288908,-1.1838508223727882,0.0,-5.928881274819275e-10,1.2943583982405471e-08,0.0,-0.19999999999999973,-2.5132895764556906e-11,0.0,1.114045522498941e-10
proIL1B_priming_synthesis,plus20,0.12,0.0,0.057669208168793507,1.1838508300355706,0.0,-1.648797764985943e-11,-2.24340901411324e-09,0.0,0.20000000000000084,-4.8203663283175047e-11,0.0,-1.3547452049067488e-10
proIL18_constitutive_synthesis,minus20,0.08000000000000002,0.0,0.0,0.0,0.0,-0.05766920818857893,-1.1838508327276616,0.0,0.25000000000000133,0.0,0.0,0.0
proIL18_constitutive_synthesis,plus20,0.12,0.0,-2.217448447083825e-12,-1.6714105655069034e-09,0.0,0.057669208185917586,1.1838508307219602,0.0,-0.16666666666666619,1.0956302531894835e-10,0.0,-1.3809231536043853e-10
pro_turnover,minus20,0.08000000000000002,0.0,0.0681463115883873,1.2601096581768392,-0.04999999999999982,0.0681463115883873,1.2601096581768392,-0.04999999999999982,0.0,1.2565015694576687e-10,0.0,-0.005481316145394377
pro_turnover,plus20,0.12,0.0,-0.04553732910434963,-0.8555004575844984,0.0,-0.04553732910434963,-0.8555004575844984,0.0,0.0,7.979505944888388e-12,0.0,0.004305215476472335
mature_turnover,minus20,0.016,0.0,0.0022356850426866193,0.07584865283160802,0.0,0.0022356850426866193,0.07584865283160802,0.0,0.0,1.3433543166740947e-10,0.0,0.0015835189981665554
mature_turnover,plus20,0.024,0.0,-0.0022046126938777832,-0.07351068152417728,0.0,-0.0022046126938777832,-0.07351068152417728,0.0,0.0,6.486611248135432e-11,0.0,-0.001511412143804458
pore_release_rate,minus20,0.4,0.0,-0.0074431005469469125,-0.14209270158956144,0.04999999999999982,-0.0074431005469469125,-0.14209270158956144,0.04999999999999982,0.0,2.382666286493418e-10,0.0,-0.05126712973891723
pore_release_rate,plus20,0.6,0.0,0.00620808526909622,0.11098976613561184,-0.10000000000000053,0.00620808526909622,0.11098976613561184,-0.10000000000000053,0.0,1.0961609397952543e-10,0.0,0.04111469449737026
pore_repair,minus20,0.12,-3.2072920192471877e-06,-0.0015157069522391264,-0.190802360786142,-0.04999999999999982,-0.0015157069522391264,-0.190802360786142,-0.04999999999999982,0.0,0.010120911043348557,-0.04999999999999982,-0.010910486005791253
pore_repair,plus20,0.18,3.0066228656200344e-06,0.0015545598174017683,0.19292666508423384,0.0,0.0015545598174017683,0.19292666508423384,0.0,0.0,-0.009309418142524728,0.0,0.010183587830824847
lysis_rate,minus20,0.24,1.1146563723529734e-05,0.03261932671961992,0.5771781290188942,0.20000000000000018,0.03261932671961992,0.5771781290188942,0.20000000000000018,0.0,-0.002439684842983736,0.40000000000000036,0.038849608042873185
lysis_rate,plus20,0.36,-1.1144156628450919e-05,-0.02265787955148646,-0.3856625951649626,-0.20000000000000018,-0.02265787955148646,-0.3856625951649626,-0.20000000000000018,0.0,0.0020196779121358643,-0.2999999999999998,-0.02549056064429911
lysis_pore_threshold,minus20,0.24,-7.98856586606278e-05,-0.029533428319774402,-0.7275765657693913,-0.15000000000000036,-0.029533428319774402,-0.7275765657693913,-0.15000000000000036,0.0,0.009880966349216758,-0.34999999999999964,-0.056317086040364006
lysis_pore_threshold,plus20,0.36,2.8833289693663833e-05,0.027415667350825734,0.6754567962036448,0.09999999999999964,0.027415667350825734,0.6754567962036448,0.09999999999999964,0.0,-0.009063502523698919,0.2999999999999998,0.04632460343639122
decay,minus20,0.12,0.006665394439123173,0.011191932052694809,0.18107684615443986,-0.04999999999999982,0.011191932052694809,0.18107684615443986,-0.04999999999999982,0.0,0.014241610536801064,-0.04999999999999982,-0.006954340256683511
decay,plus20,0.18,-0.006372550804260635,-0.011025091712891344,-0.18126031346436022,0.04999999999999982,-0.011025091712891344,-0.18126031346436022,0.04999999999999982,0.0,-0.014524946256240012,0.04999999999999982,0.006909794184531748
clearance,minus20,0.08000000000000002,0.0,0.020999225506179442,1.2675257456951865,0.09999999999999964,0.020999225506179442,1.2675257456951865,0.09999999999999964,0.0,2.502990037456243e-10,0.0,-1.1713674474833624e-10
clearance,plus20,0.12,0.0,-0.017715604659141737,-0.9084667203796082,-0.10000000000000053,-0.017715604659141737,-0.9084667203796082,-0.10000000000000053,0.0,-1.6864065699451203e-11,0.0,6.430189714023982e-12
saturation,minus20,1.6,0.004874474995488098,-0.008094486823678637,-0.06176535217302348,0.04999999999999982,-0.008094486823678637,-0.06176535217302348,0.04999999999999982,0.0,-0.0017633148172234714,0.10000000000000053,0.002595257319270461
saturation,plus20,2.4,-0.0032416459299648426,0.005844596686785386,0.04519268508076557,-0.04999999999999982,0.005844596686785386,0.04519268508076557,-0.04999999999999982,0.0,0.0011602653168275578,-0.09999999999999964,-0.0015724923505253674
