output,parameter,PRCC,PRCC_p,spearman_rho,n_sets
IL1B_AUC,priming_input,0.5593760534919752,1.3294780906731364e-81,0.3513353253130022,1000
IL1B_AUC,signal2_input,0.47527172130207423,2.925628113512428e-56,0.2848931106877169,1000
IL1B_AUC,pyrin_activation_threshold,-0.45674705111578673,1.439609695212386e-51,-0.2418228458578416,1000
IL1B_AUC,inhibition_factor,-0.052761761308056564,0.09913602975616823,-0.015395797810104174,1000
IL1B_AUC,pyrin_activation_rate,0.020920720936925746,0.5134415023785993,0.023560281894051554,1000
IL1B_AUC,pyrin_basal_synthesis,0.06803671525287748,0.03338220592887077,0.11734133299489265,1000
IL1B_AUC,pyrin_priming_synthesis,-0.0177487260497523,0.579312253448478,-0.016874558440009603,1000
IL1B_AUC,pyrin_turnover,-0.043602003619895115,0.17304984497412992,-0.05486777032543357,1000
IL1B_AUC,ASC_recruitment_rate,0.017392200575381146,0.5869565526635729,0.006134585172644935,1000
IL1B_AUC,CASP1_activation_rate,0.10300197654091829,0.001256898672378356,0.04060268562786411,1000
IL1B_AUC,GSDMD_cleavage_rate,-0.3250399743815785,1.6862349619060967e-25,-0.21025170689877523,1000
IL1B_AUC,cytokine_maturation_rate,0.37107170589518146,2.7391981861649303e-33,0.21803127682358509,1000
IL1B_AUC,proIL1B_priming_synthesis,0.49487510728777134,1.5033018460187095e-61,0.33234496988724127,1000
IL1B_AUC,proIL18_constitutive_synthesis,0.059548653158978455,0.06266865538469073,0.031134851675017193,1000
IL1B_AUC,pro_turnover,-0.45437588381411026,5.473519062885855e-51,-0.2821366627340115,1000
IL1B_AUC,mature_turnover,-0.010105365712903052,0.7522841839054304,-0.018956034623751318,1000
IL1B_AUC,pore_release_rate,0.10668690252230753,0.0008326904535038355,0.0461915604416132,1000
IL1B_AUC,pore_repair,0.0829649048417059,0.009439329882203123,0.06330380664725502,1000
IL1B_AUC,lysis_rate,-0.2530219734133436,9.456664745651523e-16,-0.19806270648848062,1000
IL1B_AUC,lysis_pore_threshold,0.34068764657778733,5.294360988757362e-28,0.18774128368761148,1000
IL1B_AUC,decay,-0.10598175835380062,0.0009018503255786797,-0.07713342065088617,1000
IL1B_AUC,clearance,-0.47185169588826564,2.2609622570675734e-55,-0.308796372436981,1000
IL1B_AUC,saturation,0.03809445727746644,0.2339536002991345,0.011544182431039942,1000
IL18_AUC,priming_input,0.030133093147701812,0.34652010490183355,-0.00117754695712449,1000
IL18_AUC,signal2_input,0.4874066504107034,1.7088725588334892e-59,0.2592963010920517,1000
IL18_AUC,pyrin_activation_threshold,-0.4619515020987134,7.3965242265457915e-53,-0.2639166760170402,1000
IL18_AUC,inhibition_factor,-0.056650342858212153,0.07659692838364715,-0.03212392242936304,1000
IL18_AUC,pyrin_activation_rate,0.036761716931096956,0.25073463428321524,0.015781096246940934,1000
IL18_AUC,pyrin_basal_synthesis,0.08472748880692854,0.008023918827520361,0.11158080613638292,1000
IL18_AUC,pyrin_priming_synthesis,-0.01909241702265832,0.5509295671923562,-0.03938130699567481,1000
IL18_AUC,pyrin_turnover,-0.05323430192462128,0.09614307243499429,-0.045688853158993264,1000
IL18_AUC,ASC_recruitment_rate,0.029023160818862997,0.364580643383047,0.015218801903589069,1000
IL18_AUC,CASP1_activation_rate,0.1455075792826981,4.901150149086722e-06,0.041660385977551125,1000
IL18_AUC,GSDMD_cleavage_rate,-0.38791031800102443,1.7947940960483364e-36,-0.20983781579938252,1000
IL18_AUC,cytokine_maturation_rate,0.4606297026568304,1.5796828936224702e-52,0.2671461097750681,1000
IL18_AUC,proIL1B_priming_synthesis,-0.07542207178768154,0.018323364197056494,-0.013673032849885941,1000
IL18_AUC,proIL18_constitutive_synthesis,0.642800332255423,4.210790437104924e-115,0.4058499444328726,1000
IL18_AUC,pro_turnover,-0.5370930557813121,3.5202034254341594e-74,-0.31838214361744743,1000
IL18_AUC,mature_turnover,-0.01504305658345612,0.6384505186906867,-0.041332020683586206,1000
IL18_AUC,pore_release_rate,0.12376654826583823,0.00010422945455655226,0.016224540703137637,1000
IL18_AUC,pore_repair,0.13944507267251852,1.2049656415699226e-05,0.09247407461115538,1000
IL18_AUC,lysis_rate,-0.30701283514502303,8.594908115804611e-23,-0.21735640112304622,1000
IL18_AUC,lysis_pore_threshold,0.40666216821790513,3.045641465215349e-40,0.21352656948605528,1000
IL18_AUC,decay,-0.13828804313042992,1.4247105628857067e-05,-0.07265890313009964,1000
IL18_AUC,clearance,-0.5683118932953153,9.674328808054649e-85,-0.37468931012597484,1000
IL18_AUC,saturation,0.04020809665601294,0.2089972787107262,0.02169114315647308,1000
time_to_50pct_peak_IL1B,priming_input,-0.3908072587353788,6.03190033814035e-33,-0.1519074874493666,887
time_to_50pct_peak_IL1B,signal2_input,-0.8038658045495924,6.56494563023711e-197,-0.4682586988280154,887
time_to_50pct_peak_IL1B,pyrin_activation_threshold,0.5547456501327327,5.808021963330888e-71,0.09893411828961696,887
time_to_50pct_peak_IL1B,inhibition_factor,0.34337910060018934,2.417357929589313e-25,0.06451723752551312,887
time_to_50pct_peak_IL1B,pyrin_activation_rate,-0.5511989511484736,6.693091679485832e-70,-0.26903833436107966,887
time_to_50pct_peak_IL1B,pyrin_basal_synthesis,-0.3579556726290491,1.517276290495754e-27,-0.09647442280768319,887
time_to_50pct_peak_IL1B,pyrin_priming_synthesis,-0.34939869506821364,3.0752084390539483e-26,-0.10326666084966252,887
time_to_50pct_peak_IL1B,pyrin_turnover,0.6282447104185721,3.613405342505124e-96,0.2667024108238951,887
time_to_50pct_peak_IL1B,ASC_recruitment_rate,-0.5150265558165675,9.104044427093636e-60,-0.22892643084485348,887
time_to_50pct_peak_IL1B,CASP1_activation_rate,-0.7038912498045151,2.421988919328479e-130,-0.3907929468803307,887
time_to_50pct_peak_IL1B,GSDMD_cleavage_rate,-0.6707703481714927,3.9445607732409955e-114,-0.3404550818134412,887
time_to_50pct_peak_IL1B,cytokine_maturation_rate,-0.21452494519749715,1.834384234633968e-10,-0.07674326600107587,887
time_to_50pct_peak_IL1B,proIL1B_priming_synthesis,0.0019110230779352034,0.9552433027237981,-0.05439475602730242,887
time_to_50pct_peak_IL1B,proIL18_constitutive_synthesis,-0.026157816719742606,0.4422831616722066,-0.005683501084462501,887
time_to_50pct_peak_IL1B,pro_turnover,0.09338870967736279,0.005983548046228741,-0.024006735897812107,887
time_to_50pct_peak_IL1B,mature_turnover,-0.03707407312567082,0.2760749971747458,-0.03593682947970517,887
time_to_50pct_peak_IL1B,pore_release_rate,-0.29660727681910376,5.003786666043091e-19,-0.06448978328309672,887
time_to_50pct_peak_IL1B,pore_repair,0.1764868878509639,1.749197852904803e-07,0.08669222602537326,887
time_to_50pct_peak_IL1B,lysis_rate,-0.5797909939215468,7.773105739260601e-79,-0.19289037745112228,887
time_to_50pct_peak_IL1B,lysis_pore_threshold,0.46005063157568626,1.6004583889779648e-46,0.21559251663945925,887
time_to_50pct_peak_IL1B,decay,0.1897791537432585,1.858376183597961e-08,0.07674039418242036,887
time_to_50pct_peak_IL1B,clearance,-0.3596882649137317,8.157589121663307e-28,-0.11867145724476715,887
time_to_50pct_peak_IL1B,saturation,-0.24018904191173931,8.126053358132558e-13,-0.06177499463986967,887
IL1B_to_IL18_AUC_ratio,priming_input,0.9577859840297751,0.0,0.5958713662879173,887
IL1B_to_IL18_AUC_ratio,signal2_input,0.004372271742032234,0.8978268659358718,0.051856557517712745,887
IL1B_to_IL18_AUC_ratio,pyrin_activation_threshold,-0.0427235231590411,0.2093725307641271,0.027953563897255184,887
IL1B_to_IL18_AUC_ratio,inhibition_factor,0.06468801932804058,0.05720087557819275,0.04076898072243429,887
IL1B_to_IL18_AUC_ratio,pyrin_activation_rate,-0.06196695295228662,0.06851294108393928,0.0032452777966735526,887
IL1B_to_IL18_AUC_ratio,pyrin_basal_synthesis,-0.009944902600006503,0.7702310925257149,0.035453211220692844,887
IL1B_to_IL18_AUC_ratio,pyrin_priming_synthesis,0.005368777752762123,0.8747142444686088,0.03472307960131831,887
IL1B_to_IL18_AUC_ratio,pyrin_turnover,0.018514990408621982,0.5865781566035266,-0.03564552397901425,887
IL1B_to_IL18_AUC_ratio,ASC_recruitment_rate,-0.003197503067283149,0.9251841150456581,-0.006646964467604207,887
IL1B_to_IL18_AUC_ratio,CASP1_activation_rate,0.031402147864435334,0.35629032717741577,0.01449741406058003,887
IL1B_to_IL18_AUC_ratio,GSDMD_cleavage_rate,0.0677679172053403,0.04631369832718292,-0.04053209762527446,887
IL1B_to_IL18_AUC_ratio,cytokine_maturation_rate,0.013062829381993471,0.7012377645827208,-0.0175321864220452,887
IL1B_to_IL18_AUC_ratio,proIL1B_priming_synthesis,0.9562794814843265,0.0,0.5813200448152004,887
IL1B_to_IL18_AUC_ratio,proIL18_constitutive_synthesis,-0.9571346976177579,0.0,-0.5419218771375965,887
IL1B_to_IL18_AUC_ratio,pro_turnover,-0.05807862268224107,0.08780075092971845,-0.017308165444272387,887
IL1B_to_IL18_AUC_ratio,mature_turnover,0.04557619623310787,0.1805076104273813,0.03917602099262958,887
IL1B_to_IL18_AUC_ratio,pore_release_rate,-0.023766620888778407,0.48512396871827607,0.043376930186273054,887
IL1B_to_IL18_AUC_ratio,pore_repair,-0.006561235731860826,0.84719802767136,-0.02633037474782164,887
IL1B_to_IL18_AUC_ratio,lysis_rate,-0.0013618186416291173,0.9680975997785237,-0.008219994790497738,887
IL1B_to_IL18_AUC_ratio,lysis_pore_threshold,-0.05528412202567906,0.10419530305774409,-0.01439207536624197,887
IL1B_to_IL18_AUC_ratio,decay,0.03419403915544178,0.31512978884094195,-0.01127402594034989,887
IL1B_to_IL18_AUC_ratio,clearance,-0.02620308186232655,0.44149358984538967,0.01984552800960353,887
IL1B_to_IL18_AUC_ratio,saturation,0.01333568479509196,0.695306114842104,-0.011538163662146649,887
lysed_fraction_end,priming_input,0.19691011119178362,5.264872364349433e-10,0.08904317126064466,1000
lysed_fraction_end,signal2_input,0.6519318769488286,2.0165960375144065e-119,0.4638995821423802,1000
lysed_fraction_end,pyrin_activation_threshold,-0.5073461595467227,4.255052828667429e-65,-0.24921213374440318,1000
lysed_fraction_end,inhibition_factor,-0.12220355050328101,0.0001275454397460014,-0.005438670268074974,1000
lysed_fraction_end,pyrin_activation_rate,0.12244653800435278,0.00012362394523056407,0.12023912308983438,1000
lysed_fraction_end,pyrin_basal_synthesis,0.20840142050383179,4.660594030187018e-11,0.10927659299124341,1000
lysed_fraction_end,pyrin_priming_synthesis,0.1566284409347345,8.54950359345635e-07,0.048693256298106315,1000
lysed_fraction_end,pyrin_turnover,-0.25173584306715197,1.3329996067583688e-15,-0.07893473437455614,1000
lysed_fraction_end,ASC_recruitment_rate,0.048327848757785424,0.1309653325740077,0.034932428002631674,1000
lysed_fraction_end,CASP1_activation_rate,0.4441229274375754,1.564152602716078e-48,0.2784265215916428,1000
lysed_fraction_end,GSDMD_cleavage_rate,0.43747681224303747,5.521228056904016e-47,0.24929949687758027,1000
lysed_fraction_end,cytokine_maturation_rate,-0.003436041829357989,0.914536544512695,0.002404017268828159,1000
lysed_fraction_end,proIL1B_priming_synthesis,-0.009031621988604537,0.7778742098665243,0.012216668404636909,1000
lysed_fraction_end,proIL18_constitutive_synthesis,0.050186156813752436,0.1167755639593491,0.020540147386627575,1000
lysed_fraction_end,pro_turnover,0.02650314476333313,0.40771689485893486,0.0489637397636295,1000
lysed_fraction_end,mature_turnover,0.0321615092357604,0.31501230504881617,0.03690388067762168,1000
lysed_fraction_end,pore_release_rate,-0.042757575323427874,0.18153022921689108,-0.059629355296199296,1000
lysed_fraction_end,pore_repair,-0.479949215701437,1.7187424790839595e-57,-0.2946423079684455,1000
lysed_fraction_end,lysis_rate,0.11105900390585662,0.0005023983569453394,0.04296847927430013,1000
lysed_fraction_end,lysis_pore_threshold,-0.45316089131238046,1.08069850671708e-50,-0.2690165814759157,1000
lysed_fraction_end,decay,-0.5785193351821808,1.9114287860663897e-88,-0.3708573769703164,1000
lysed_fraction_end,clearance,0.006204192792088386,0.8463501818927367,-0.016760764206334516,1000
lysed_fraction_end,saturation,0.09506415481817669,0.0029214888018577914,0.05524898581171636,1000
time_to_50pct_final_lysis,priming_input,-0.33350433218589515,6.462924607694705e-24,-0.1306770067427111,887
time_to_50pct_final_lysis,signal2_input,-0.749439422070874,1.0009415023510377e-156,-0.42217367828183905,887
time_to_50pct_final_lysis,pyrin_activation_threshold,0.49897036682755314,1.202250802845927e-55,0.0858438598582151,887
time_to_50pct_final_lysis,inhibition_factor,0.2967616399332151,4.789135933860757e-19,0.052168761530179866,887
time_to_50pct_final_lysis,pyrin_activation_rate,-0.47402665083174933,1.1539752901559455e-49,-0.21651046301043458,887
time_to_50pct_final_lysis,pyrin_basal_synthesis,-0.3210172320856867,3.483991438465305e-22,-0.09025928123099693,887
time_to_50pct_final_lysis,pyrin_priming_synthesis,-0.30496030056853757,4.489332573638341e-20,-0.09914153147040301,887
time_to_50pct_final_lysis,pyrin_turnover,0.5642935939460472,6.946325601047504e-74,0.2200591621191605,887
time_to_50pct_final_lysis,ASC_recruitment_rate,-0.42459077087035957,3.5552765882198976e-39,-0.18398496143172322,887
time_to_50pct_final_lysis,CASP1_activation_rate,-0.6464586784903792,1.6451109384813814e-103,-0.3403294658911138,887
time_to_50pct_final_lysis,GSDMD_cleavage_rate,-0.6911618756553488,7.489846295268615e-124,-0.36970022911839345,887
time_to_50pct_final_lysis,cytokine_maturation_rate,-0.0010723422856943156,0.9748764259266395,0.011023704670980135,887
time_to_50pct_final_lysis,proIL1B_priming_synthesis,0.0012773252059323501,0.9700760127642936,-0.046098696378753745,887
time_to_50pct_final_lysis,proIL18_constitutive_synthesis,-0.038332223095204086,0.2600943502006988,-0.028666465945023048,887
time_to_50pct_final_lysis,pro_turnover,0.043287662376829066,0.2034144995586048,-0.02602433227253335,887
time_to_50pct_final_lysis,mature_turnover,-0.021716912993633607,0.5235614406254693,-0.02880698320072927,887
time_to_50pct_final_lysis,pore_release_rate,0.006488160313827574,0.8488792739882157,0.05969540673251067,887
time_to_50pct_final_lysis,pore_repair,0.14350003408557263,2.272301448873196e-05,0.07550386883673377,887
time_to_50pct_final_lysis,lysis_rate,-0.7138862686432607,1.0949148681138995e-135,-0.33348110899481054,887
time_to_50pct_final_lysis,lysis_pore_threshold,0.6762888185577349,1.103211698026528e-116,0.3746681843223843,887
time_to_50pct_final_lysis,decay,0.17056654449985453,4.5049222454844216e-07,0.068524873796687,887
time_to_50pct_final_lysis,clearance,-0.01716851606800253,0.6140869724365551,-0.0007038845778403941,887
time_to_50pct_final_lysis,saturation,-0.24247915388970903,4.852377481916813e-13,-0.054828985412912846,887
IL1B_released_via_pores_fraction,priming_input,-0.14345658591546667,2.285447104078626e-05,-0.04084004909065159,887
IL1B_released_via_pores_fraction,signal2_input,-0.2732884265995506,2.7849785852032485e-16,-0.15458725080589428,887
IL1B_released_via_pores_fraction,pyrin_activation_threshold,0.13290935958979205,8.827909718481046e-05,0.0015105940187568217,887
IL1B_released_via_pores_fraction,inhibition_factor,0.05936494684271132,0.08098663482309382,-0.02779390510245778,887
IL1B_released_via_pores_fraction,pyrin_activation_rate,-0.07524280126360253,0.026904907119322273,-0.012896991550275374,887
IL1B_released_via_pores_fraction,pyrin_basal_synthesis,-0.0916001174524488,0.007021688951327663,-0.028002364291400045,887
IL1B_released_via_pores_fraction,pyrin_priming_synthesis,-0.1088991080784436,0.0013378629850964972,-0.06343815662581075,887
IL1B_released_via_pores_fraction,pyrin_turnover,0.14278299607916395,2.4987229228360235e-05,0.00048116019343251925,887
IL1B_released_via_pores_fraction,ASC_recruitment_rate,-0.002862371098117031,0.9330061065479752,-0.02397050255189263,887
IL1B_released_via_pores_fraction,CASP1_activation_rate,-0.21023327613448597,4.2620010885765014e-10,-0.07079800577997507,887
IL1B_released_via_pores_fraction,GSDMD_cleavage_rate,-0.14169151719817286,2.884928858372604e-05,-0.05327938648653462,887
IL1B_released_via_pores_fraction,cytokine_maturation_rate,-0.06961261502889142,0.040668753015599635,0.007623419429517545,887
IL1B_released_via_pores_fraction,proIL1B_priming_synthesis,0.06311605540259768,0.06352988336398896,0.0033786964922936985,887
IL1B_released_via_pores_fraction,proIL18_constitutive_synthesis,-0.006799727870186427,0.8417159055843502,-0.04049333931364567,887
IL1B_released_via_pores_fraction,pro_turnover,0.14731770065266087,1.359920795340741e-05,0.06283435921918543,887
IL1B_released_via_pores_fraction,mature_turnover,-0.07532429427902121,0.026739601353423865,-0.040328057640453135,887
IL1B_released_via_pores_fraction,pore_release_rate,0.849316240840524,1.1364307147501244e-241,0.5946879137415375,887
IL1B_released_via_pores_fraction,pore_repair,0.3137323732321395,3.2767629951254617e-21,0.11770780593771829,887
IL1B_released_via_pores_fraction,lysis_rate,-0.753467088169166,2.4672162067444353e-159,-0.4139529543566027,887
IL1B_released_via_pores_fraction,lysis_pore_threshold,0.8672562072925362,1.2607264887796973e-263,0.6324411401560388,887
IL1B_released_via_pores_fraction,decay,0.29471775432501035,8.539767443476731e-19,0.10004447060582712,887
IL1B_released_via_pores_fraction,clearance,0.03276996134633531,0.33571901286487854,0.003200071230004476,887
IL1B_released_via_pores_fraction,saturation,-0.03291571483361172,0.3335728588510267,0.039529884033893535,887
