candidate_id,candidate_type,candidate_name,biological_axis,raw_positive_score,total_penalty,final_priority_score,confidence_grade,strongest_supporting_evidence,strongest_counterevidence,recommended_next_validation,safe_claim,claims_to_avoid
L2-01,mechanism_node,MEFV / pyrin threshold axis,pyrin sensor,68.5,30.6,37.9,moderate,"Strong pyrin-specific literature (PYD/B30.2 architecture, PSTPIP1, threshold biology); MEFV is the defining pyrin sensor; survives shared-downstream exclusion.","MEFV sparse in scRNA-seq (about 1% of cells); no genotype data; in the revised two-signal model the threshold mainly shifts output timing while priming scales IL-1beta magnitude, so neither lever dominates by construction.",MEFV genotype-stratified plaque cohort; pyrin-threshold perturbation in myeloid models.,The MEFV/pyrin threshold axis is the most pyrin-specific mechanistic node and a priority for hypothesis-driven validation.,MEFV causes atherosclerosis; threshold proven; druggable target
L1-01,cell_state,Myeloid-compartment pyrin-backbone-high state,pyrin cell-state localization,66.0,32.0,34.0,low,"PYRIN_BACKBONE highest in the myeloid compartment in all 3 patients and all 6 samples; robust to doublet removal, SoupX/DecontX ambient correction and depth adjustment; survives shared-downstream exclusion (myeloid first for PYRIN_FULL and PYRIN_BACKBONE).","Expression-matched random gene sets: 86th percentile (suggestive, not exceptional); specificity delta first in only 2 of 3 patients; compartment is heterogeneous (monocytes, macrophages, dendritic cells); bulk support confounded by myeloid abundance; n = 3.",Targeted MEFV/pyrin RNA-FISH or protein staining in myeloid cells across more donors; genotype-stratified plaque cohort.,Human plaque myeloid compartments show a pyrin-regulatory permissiveness pattern that may justify targeted experimental validation of the MEFV/pyrin threshold axis.,causal pyrin activation; MEFV causes plaque instability; validated target
L2-06,mechanism_node,NLRP3 (saturated comparator),NLRP3 comparator,51.0,19.0,32.0,low,"NLRP3-in-atherosclerosis is strongly supported (CANTOS, colchicine trials, extensive mechanism).","Saturated, well-studied comparator — NOT novel, NOT pyrin-specific; included only to contextualize pyrin.",None as novelty; comparator baseline only.,NLRP3 is a well-validated inflammasome comparator in atherosclerosis and frames what pyrin-specific work must add beyond.,novel; pyrin-specific; first report
L1-02,cell_state,Classical-monocyte MEFV-detection-high subset,pyrin cell-state localization,60.25,28.4,31.85,low,"Classical monocytes show the highest MEFV detection of all myeloid subsets (11.7%; first in each patient) with monocyte-marker co-expression (FCN1, S100A8, VCAN, SELL); monocyte vs macrophage rate ratio per UMI 4.9; robust to ambient correction.","Subsets defined computationally (no author-curated labels, no protein data); detection varies across patients (5-21%); neutrophils poorly captured; three patients.",RNA in situ hybridization or spatial transcriptomics of MEFV with CD14/FCN1 and macrophage markers; replication in independent plaque single-cell datasets; pyrin protein in plaque monocytes.,"Within the plaque myeloid compartment, MEFV transcripts are concentrated in classical monocytes, a candidate focus for validating pyrin-axis regulation.",pyrin-active cell type; macrophage-specific pyrin activity; causal; clinically actionable subset
L2-02,mechanism_node,RHOA-RAC1-CDC42 regulatory context,pyrin upstream regulation,55.5,24.9,30.6,low,RhoA-pyrin regulation is well-supported pyrin-specific biology (RhoA inactivation activates pyrin); part of the backbone; broadly expressed so not dropout-limited.,RHOA/RAC1/CDC42 are pleiotropic housekeeping GTPases — expression not pyrin-specific; RAC1/CDC42 not directly cited in top pyrin claims.,RhoA-modulation in myeloid pyrin reporter assays.,"The RhoA/Rac/Cdc42 axis is a pyrin-regulatory context worth probing, acknowledging these GTPases are pleiotropic.",pyrin-specific expression marker; causal in plaque
L2-03,mechanism_node,PKN1/PKN2 / 14-3-3 inhibitory regulation,pyrin inhibitory regulation,55.75,26.0,29.75,low,"PKN1/PKN2 phosphorylate pyrin; 14-3-3 (YWHAB/YWHAZ) binding keeps pyrin inhibited, a pyrin-specific switch represented by the gate and inhibition parameters of the two-signal model.",Low MEFV context; in the model the gate governs timing more than magnitude; no direct plaque perturbation data.,PKN inhibitor / 14-3-3 disruption in myeloid pyrin assays; map to ODE inhibition_factor.,The PKN/14-3-3 inhibitory switch is a mechanistically specific pyrin regulatory node suited to perturbation experiments.,druggable in plaque; controls instability
L1-03,cell_state,T/NK NLRP3-backbone-high compartment (comparator),NLRP3 comparator,47.0,17.8,29.2,low,"NLRP3_BACKBONE highest in T/NK cells; NLRP3 in atherosclerosis is well established (CANTOS, colchicine trials).","NLRP3-in-atherosclerosis is a saturated, well-studied comparator — NOT novel and NOT pyrin-specific.",None as novelty; use only as a comparator baseline.,NLRP3-backbone localizes to a distinct (T/NK-weighted) compartment and serves as a saturated comparator to pyrin.,novel finding; pyrin-specific; first report
L2-04,mechanism_node,PSTPIP1-pyrin interaction,pyrin protein interaction,50.0,24.5,25.5,low,PSTPIP1-pyrin interaction is a well-characterized pyrin-specific interaction (PAPA syndrome); part of backbone; directly cited in top pyrin claims.,"PSTPIP1 biology largely from monogenic autoinflammation, not atherosclerosis; low expression context in plaque; no plaque-specific evidence.",Co-IP / proximity assays for PSTPIP1-pyrin in plaque myeloid cells.,The PSTPIP1-pyrin interaction is a specific protein-level node that could be examined in plaque myeloid cells.,operative in atherosclerosis; causal
L1-05,cell_state,Unstable-plaque bulk pyrin-backbone signal,plaque-instability bulk,46.5,24.9,21.6,low,PYRIN_BACKBONE higher in the unstable region in 4/4 plaques (paired d_z 1.44).,"Residualization on the myeloid-marker score reduces the difference from +0.72 to +0.14 (about 80% attenuation); every module, including NLRP3 and both effector arms, is attenuated by at least 80%; bulk effect sizes track module myeloid specificity.",Cell-type-deconvolved bulk or single-cell of stable vs unstable; myeloid-adjusted pyrin readout.,"Bulk pyrin-backbone expression tracks plaque instability directionally, but this is largely explained by myeloid abundance and requires cell-type-resolved follow-up.",pyrin activation causes instability; bulk validates cell-type localization
L2-05,mechanism_node,Shared effector arms: cytokine (CASP1/IL1B/IL18) and lysis (GSDMD/GSDME/NINJ1),shared effector output,41.0,25.3,15.7,low,"Well-established, tractable shared effectors (IL-1beta: canakinumab/CANTOS); the cytokine arm shows the largest bulk shift.",Not pyrin-specific by construction (shared with NLRP3 and other inflammasomes); cytokine arm tracks the myeloid-marker score (r = 0.96) and is about 95% attenuated after adjustment; lysis arm inconsistent.,Only as shared pathway-output readouts (IL-1β/IL-18 ELISA) downstream of pyrin perturbation.,Shared cytokine and lysis arms are readouts of pathway output; they are not pyrin-specific and cannot attribute signal to pyrin.,pyrin-specific target; IL-1beta inhibition proves a pyrin mechanism; evidence of pyroptosis
L1-04,cell_state,Plaque-core MEFV-detection signal (direction reversed after sample-label correction),plaque-core localization,39.0,36.3,2.7,low,None after correction of the sample labels; the original signal (higher MEFV detection in core) reflected interchanged AC/PA labels.,"With verified labels, myeloid MEFV detection is lower in core in 3/3 patients (rate ratio 0.38), largely paralleling fewer monocytes and more TREM2+ lipid-associated macrophages in core.",Spatial transcriptomics of core versus adjacent tissue with MEFV and lineage probes in a larger paired cohort.,Regional differences in MEFV detection follow myeloid composition; there is no evidence of pyrin-program enrichment in plaque core.,pyrin program enriched in plaque core; core drives pyrin activation
