candidate_id,component,kind,value_0_1,weight,points
L1-01,literature_support_score,positive,0.7,15,10.5
L1-01,pyrin_specificity_score,positive,0.75,20,15.0
L1-01,singlecell_compartment_score,positive,0.9,15,13.5
L1-01,MEFV_detection_score,positive,0.6,10,6.0
L1-01,shared_downstream_exclusion_pass_score,positive,1.0,5,5.0
L1-01,bulk_directional_support_score,positive,0.7,10,7.0
L1-01,ODE_leverage_score,positive,0.4,5,2.0
L1-01,clinical_alignment_score,positive,0.4,10,4.0
L1-01,druggability_or_intervention_plausibility_score,positive,0.3,10,3.0
L1-01,sparse_expression_penalty,penalty,0.7,8,-5.6
L1-01,provisional_annotation_penalty,penalty,1.0,4,-4.0
L1-01,small_n_penalty,penalty,1.0,6,-6.0
L1-01,random_control_penalty,penalty,0.62,5,-3.1
L1-01,ac_pa_mixed_signal_penalty,penalty,0.3,8,-2.4
L1-01,myeloid_confounding_penalty,penalty,0.6,9,-5.4
L1-01,no_genotype_penalty,penalty,1.0,4,-4.0
L1-01,shared_downstream_non_specificity_penalty,penalty,0.0,3,-0.0
L1-01,ODE_uncalibrated_penalty,penalty,0.5,3,-1.5
L1-02,literature_support_score,positive,0.55,15,8.25
L1-02,pyrin_specificity_score,positive,0.7,20,14.0
L1-02,singlecell_compartment_score,positive,0.8,15,12.0
L1-02,MEFV_detection_score,positive,0.9,10,9.0
L1-02,shared_downstream_exclusion_pass_score,positive,1.0,5,5.0
L1-02,bulk_directional_support_score,positive,0.4,10,4.0
L1-02,ODE_leverage_score,positive,0.4,5,2.0
L1-02,clinical_alignment_score,positive,0.3,10,3.0
L1-02,druggability_or_intervention_plausibility_score,positive,0.3,10,3.0
L1-02,sparse_expression_penalty,penalty,0.4,8,-3.2
L1-02,provisional_annotation_penalty,penalty,0.5,4,-2.0
L1-02,small_n_penalty,penalty,1.0,6,-6.0
L1-02,random_control_penalty,penalty,0.8,5,-4.0
L1-02,ac_pa_mixed_signal_penalty,penalty,0.4,8,-3.2
L1-02,myeloid_confounding_penalty,penalty,0.5,9,-4.5
L1-02,no_genotype_penalty,penalty,1.0,4,-4.0
L1-02,shared_downstream_non_specificity_penalty,penalty,0.0,3,-0.0
L1-02,ODE_uncalibrated_penalty,penalty,0.5,3,-1.5
L1-03,literature_support_score,positive,0.8,15,12.0
L1-03,pyrin_specificity_score,positive,0.0,20,0.0
L1-03,singlecell_compartment_score,positive,0.8,15,12.0
L1-03,MEFV_detection_score,positive,0.0,10,0.0
L1-03,shared_downstream_exclusion_pass_score,positive,1.0,5,5.0
L1-03,bulk_directional_support_score,positive,0.5,10,5.0
L1-03,ODE_leverage_score,positive,0.2,5,1.0
L1-03,clinical_alignment_score,positive,0.6,10,6.0
L1-03,druggability_or_intervention_plausibility_score,positive,0.6,10,6.0
L1-03,sparse_expression_penalty,penalty,0.1,8,-0.8
L1-03,provisional_annotation_penalty,penalty,1.0,4,-4.0
L1-03,small_n_penalty,penalty,1.0,6,-6.0
L1-03,random_control_penalty,penalty,0.3,5,-1.5
L1-03,ac_pa_mixed_signal_penalty,penalty,0.1,8,-0.8
L1-03,myeloid_confounding_penalty,penalty,0.2,9,-1.8
L1-03,no_genotype_penalty,penalty,0.5,4,-2.0
L1-03,shared_downstream_non_specificity_penalty,penalty,0.0,3,-0.0
L1-03,ODE_uncalibrated_penalty,penalty,0.3,3,-0.9
L1-04,literature_support_score,positive,0.5,15,7.5
L1-04,pyrin_specificity_score,positive,0.4,20,8.0
L1-04,singlecell_compartment_score,positive,0.4,15,6.0
L1-04,MEFV_detection_score,positive,0.2,10,2.0
L1-04,shared_downstream_exclusion_pass_score,positive,0.6,5,3.0
L1-04,bulk_directional_support_score,positive,0.4,10,4.0
L1-04,ODE_leverage_score,positive,0.3,5,1.5
L1-04,clinical_alignment_score,positive,0.4,10,4.0
L1-04,druggability_or_intervention_plausibility_score,positive,0.3,10,3.0
L1-04,sparse_expression_penalty,penalty,0.7,8,-5.6
L1-04,provisional_annotation_penalty,penalty,1.0,4,-4.0
L1-04,small_n_penalty,penalty,1.0,6,-6.0
L1-04,random_control_penalty,penalty,0.6,5,-3.0
L1-04,ac_pa_mixed_signal_penalty,penalty,1.0,8,-8.0
L1-04,myeloid_confounding_penalty,penalty,0.5,9,-4.5
L1-04,no_genotype_penalty,penalty,1.0,4,-4.0
L1-04,shared_downstream_non_specificity_penalty,penalty,0.0,3,-0.0
L1-04,ODE_uncalibrated_penalty,penalty,0.4,3,-1.2
L1-05,literature_support_score,positive,0.5,15,7.5
L1-05,pyrin_specificity_score,positive,0.4,20,8.0
L1-05,singlecell_compartment_score,positive,0.3,15,4.5
L1-05,MEFV_detection_score,positive,0.5,10,5.0
L1-05,shared_downstream_exclusion_pass_score,positive,0.6,5,3.0
L1-05,bulk_directional_support_score,positive,0.9,10,9.0
L1-05,ODE_leverage_score,positive,0.3,5,1.5
L1-05,clinical_alignment_score,positive,0.5,10,5.0
L1-05,druggability_or_intervention_plausibility_score,positive,0.3,10,3.0
L1-05,sparse_expression_penalty,penalty,0.2,8,-1.6
L1-05,provisional_annotation_penalty,penalty,0.0,4,-0.0
L1-05,small_n_penalty,penalty,1.0,6,-6.0
L1-05,random_control_penalty,penalty,0.3,5,-1.5
L1-05,ac_pa_mixed_signal_penalty,penalty,0.2,8,-1.6
L1-05,myeloid_confounding_penalty,penalty,1.0,9,-9.0
L1-05,no_genotype_penalty,penalty,1.0,4,-4.0
L1-05,shared_downstream_non_specificity_penalty,penalty,0.0,3,-0.0
L1-05,ODE_uncalibrated_penalty,penalty,0.4,3,-1.2
L2-01,literature_support_score,positive,0.9,15,13.5
L2-01,pyrin_specificity_score,positive,0.95,20,19.0
L2-01,singlecell_compartment_score,positive,0.7,15,10.5
L2-01,MEFV_detection_score,positive,0.7,10,7.0
L2-01,shared_downstream_exclusion_pass_score,positive,1.0,5,5.0
L2-01,bulk_directional_support_score,positive,0.5,10,5.0
L2-01,ODE_leverage_score,positive,0.5,5,2.5
L2-01,clinical_alignment_score,positive,0.4,10,4.0
L2-01,druggability_or_intervention_plausibility_score,positive,0.2,10,2.0
L2-01,sparse_expression_penalty,penalty,0.7,8,-5.6
L2-01,provisional_annotation_penalty,penalty,0.5,4,-2.0
L2-01,small_n_penalty,penalty,1.0,6,-6.0
L2-01,random_control_penalty,penalty,0.7,5,-3.5
L2-01,ac_pa_mixed_signal_penalty,penalty,0.4,8,-3.2
L2-01,myeloid_confounding_penalty,penalty,0.5,9,-4.5
L2-01,no_genotype_penalty,penalty,1.0,4,-4.0
L2-01,shared_downstream_non_specificity_penalty,penalty,0.0,3,-0.0
L2-01,ODE_uncalibrated_penalty,penalty,0.6,3,-1.8
L2-02,literature_support_score,positive,0.7,15,10.5
L2-02,pyrin_specificity_score,positive,0.7,20,14.0
L2-02,singlecell_compartment_score,positive,0.6,15,9.0
L2-02,MEFV_detection_score,positive,0.3,10,3.0
L2-02,shared_downstream_exclusion_pass_score,positive,1.0,5,5.0
L2-02,bulk_directional_support_score,positive,0.5,10,5.0
L2-02,ODE_leverage_score,positive,0.4,5,2.0
L2-02,clinical_alignment_score,positive,0.3,10,3.0
L2-02,druggability_or_intervention_plausibility_score,positive,0.4,10,4.0
L2-02,sparse_expression_penalty,penalty,0.2,8,-1.6
L2-02,provisional_annotation_penalty,penalty,0.5,4,-2.0
L2-02,small_n_penalty,penalty,1.0,6,-6.0
L2-02,random_control_penalty,penalty,0.7,5,-3.5
L2-02,ac_pa_mixed_signal_penalty,penalty,0.3,8,-2.4
L2-02,myeloid_confounding_penalty,penalty,0.5,9,-4.5
L2-02,no_genotype_penalty,penalty,0.7,4,-2.8
L2-02,shared_downstream_non_specificity_penalty,penalty,0.2,3,-0.6
L2-02,ODE_uncalibrated_penalty,penalty,0.5,3,-1.5
L2-03,literature_support_score,positive,0.75,15,11.25
L2-03,pyrin_specificity_score,positive,0.8,20,16.0
L2-03,singlecell_compartment_score,positive,0.5,15,7.5
L2-03,MEFV_detection_score,positive,0.2,10,2.0
L2-03,shared_downstream_exclusion_pass_score,positive,1.0,5,5.0
L2-03,bulk_directional_support_score,positive,0.4,10,4.0
L2-03,ODE_leverage_score,positive,0.6,5,3.0
L2-03,clinical_alignment_score,positive,0.2,10,2.0
L2-03,druggability_or_intervention_plausibility_score,positive,0.5,10,5.0
L2-03,sparse_expression_penalty,penalty,0.3,8,-2.4
L2-03,provisional_annotation_penalty,penalty,0.5,4,-2.0
L2-03,small_n_penalty,penalty,1.0,6,-6.0
L2-03,random_control_penalty,penalty,0.7,5,-3.5
L2-03,ac_pa_mixed_signal_penalty,penalty,0.3,8,-2.4
L2-03,myeloid_confounding_penalty,penalty,0.5,9,-4.5
L2-03,no_genotype_penalty,penalty,0.7,4,-2.8
L2-03,shared_downstream_non_specificity_penalty,penalty,0.2,3,-0.6
L2-03,ODE_uncalibrated_penalty,penalty,0.6,3,-1.8
L2-04,literature_support_score,positive,0.7,15,10.5
L2-04,pyrin_specificity_score,positive,0.85,20,17.0
L2-04,singlecell_compartment_score,positive,0.4,15,6.0
L2-04,MEFV_detection_score,positive,0.2,10,2.0
L2-04,shared_downstream_exclusion_pass_score,positive,1.0,5,5.0
L2-04,bulk_directional_support_score,positive,0.3,10,3.0
L2-04,ODE_leverage_score,positive,0.3,5,1.5
L2-04,clinical_alignment_score,positive,0.2,10,2.0
L2-04,druggability_or_intervention_plausibility_score,positive,0.3,10,3.0
L2-04,sparse_expression_penalty,penalty,0.3,8,-2.4
L2-04,provisional_annotation_penalty,penalty,0.5,4,-2.0
L2-04,small_n_penalty,penalty,1.0,6,-6.0
L2-04,random_control_penalty,penalty,0.7,5,-3.5
L2-04,ac_pa_mixed_signal_penalty,penalty,0.3,8,-2.4
L2-04,myeloid_confounding_penalty,penalty,0.4,9,-3.6
L2-04,no_genotype_penalty,penalty,0.7,4,-2.8
L2-04,shared_downstream_non_specificity_penalty,penalty,0.2,3,-0.6
L2-04,ODE_uncalibrated_penalty,penalty,0.4,3,-1.2
L2-05,literature_support_score,positive,0.6,15,9.0
L2-05,pyrin_specificity_score,positive,0.0,20,0.0
L2-05,singlecell_compartment_score,positive,0.5,15,7.5
L2-05,MEFV_detection_score,positive,0.0,10,0.0
L2-05,shared_downstream_exclusion_pass_score,positive,0.0,5,0.0
L2-05,bulk_directional_support_score,positive,0.6,10,6.0
L2-05,ODE_leverage_score,positive,0.5,5,2.5
L2-05,clinical_alignment_score,positive,0.8,10,8.0
L2-05,druggability_or_intervention_plausibility_score,positive,0.8,10,8.0
L2-05,sparse_expression_penalty,penalty,0.1,8,-0.8
L2-05,provisional_annotation_penalty,penalty,0.5,4,-2.0
L2-05,small_n_penalty,penalty,1.0,6,-6.0
L2-05,random_control_penalty,penalty,0.3,5,-1.5
L2-05,ac_pa_mixed_signal_penalty,penalty,0.2,8,-1.6
L2-05,myeloid_confounding_penalty,penalty,0.8,9,-7.2
L2-05,no_genotype_penalty,penalty,0.5,4,-2.0
L2-05,shared_downstream_non_specificity_penalty,penalty,1.0,3,-3.0
L2-05,ODE_uncalibrated_penalty,penalty,0.4,3,-1.2
L2-06,literature_support_score,positive,0.9,15,13.5
L2-06,pyrin_specificity_score,positive,0.0,20,0.0
L2-06,singlecell_compartment_score,positive,0.6,15,9.0
L2-06,MEFV_detection_score,positive,0.0,10,0.0
L2-06,shared_downstream_exclusion_pass_score,positive,1.0,5,5.0
L2-06,bulk_directional_support_score,positive,0.6,10,6.0
L2-06,ODE_leverage_score,positive,0.3,5,1.5
L2-06,clinical_alignment_score,positive,0.9,10,9.0
L2-06,druggability_or_intervention_plausibility_score,positive,0.7,10,7.0
L2-06,sparse_expression_penalty,penalty,0.1,8,-0.8
L2-06,provisional_annotation_penalty,penalty,0.5,4,-2.0
L2-06,small_n_penalty,penalty,1.0,6,-6.0
L2-06,random_control_penalty,penalty,0.3,5,-1.5
L2-06,ac_pa_mixed_signal_penalty,penalty,0.2,8,-1.6
L2-06,myeloid_confounding_penalty,penalty,0.3,9,-2.7
L2-06,no_genotype_penalty,penalty,0.5,4,-2.0
L2-06,shared_downstream_non_specificity_penalty,penalty,0.5,3,-1.5
L2-06,ODE_uncalibrated_penalty,penalty,0.3,3,-0.9
